"","tag_code","node","slot","event_type_name","n_dets","min_det","max_det","duration","travel_time"
"1","384.1B7973083B",1,1,"Observation",37,"2022-04-26 20:37:22","2022-04-26 20:37:23",0.0166666666666667,NA
"2","384.1B7973083B",2,2,"Observation",3,"2022-04-26 20:37:41","2022-04-26 20:37:41",0,0.3
"3","384.1B7973117F",1,1,"Observation",11,"2022-04-27 23:49:26","2022-04-27 23:49:26",0,NA
"4","384.1B7973117F",2,2,"Observation",1,"2022-04-27 23:49:43","2022-04-27 23:49:43",0,0.283333333333333
"5","384.1B79758B3C",7,1,"Observation",5083,"2022-04-15 04:10:06","2022-04-29 03:50:13",20140.1166666667,NA
"6","384.1B797591DD",16,1,"Observation",3,"2022-03-28 15:57:25","2022-03-28 16:04:23",6.96666666666667,NA
"7","3D9.1A4FA10A07",1,1,"Observation",7,"2022-03-31 18:02:35","2022-04-05 20:40:19",7357.73333333333,NA
"8","3D9.1A4FA10A07",11,2,"Observation",2,"2022-04-05 21:04:46","2022-04-05 21:10:44",5.96666666666667,24.45
"9","3D9.1A4FA10A07",1,3,"Observation",1,"2022-04-05 21:34:45","2022-04-05 21:34:45",0,24.0166666666667
"10","3D9.1C2D6EFF96",15,1,"Observation",3,"2022-04-19 12:28:27","2022-04-19 12:31:31",3.06666666666667,NA
"11","3D9.1C2D6EFF96",7,2,"Observation",90,"2022-04-25 12:32:37","2022-04-25 13:14:14",41.6166666666667,8641.1
"12","3D9.1C2D7084E1",11,1,"Observation",3,"2022-02-14 10:19:42","2022-04-07 11:16:54",74877.2,NA
"13","3D9.1C2D7084E1",7,2,"Observation",572,"2022-04-07 11:38:03","2022-04-25 13:14:03",26016,21.15
"14","3D9.1C2D70DFF0",1,1,"Observation",820,"2022-04-20 07:13:04","2022-04-20 08:04:04",51,NA
"15","3D9.1C2DEF6A0A",1,1,"Observation",4,"2022-02-10 06:14:03","2022-02-10 06:19:11",5.13333333333333,NA
"16","3D9.1C2DEF6A0A",2,2,"Observation",4,"2022-02-10 06:19:52","2022-02-15 12:57:38",7597.76666666667,0.683333333333333
"17","3D9.1C2DEF6A0A",1,3,"Observation",2,"2022-02-15 13:29:21","2022-02-15 13:35:11",5.83333333333333,31.7166666666667
"18","3D9.1C2DEF6A0A",2,4,"Observation",1,"2022-02-15 13:41:09","2022-02-15 13:41:09",0,5.96666666666667
"19","3D9.1C2DEFAD0C",1,1,"Observation",1,"2022-02-05 00:30:45","2022-02-05 00:30:45",0,NA
"20","3D9.1C2DEFAD0C",2,2,"Observation",1,"2022-02-05 00:31:10","2022-02-05 00:31:10",0,0.416666666666667
"21","3D9.1C2DEFE014",1,1,"Observation",2,"2022-02-13 23:56:02","2022-02-14 00:02:27",6.41666666666667,NA
"22","3D9.1C2DF80776",1,1,"Observation",27,"2022-02-09 02:55:02","2022-02-09 03:21:05",26.05,NA
"23","3D9.1C2DF80776",2,2,"Observation",1,"2022-02-09 03:21:42","2022-02-09 03:21:42",0,0.616666666666667
"24","3D9.1C2DF810A5",1,1,"Observation",1,"2022-03-02 21:21:07","2022-03-02 21:21:07",0,NA
"25","3D9.1C2DF810A5",2,2,"Observation",1,"2022-03-02 21:21:31","2022-03-02 21:21:31",0,0.4
"26","3D9.1C2DF84A78",2,1,"Observation",1,"2022-01-31 22:00:34","2022-01-31 22:00:34",0,NA
"27","3D9.1C2DF87375",1,1,"Observation",1,"2022-03-31 21:29:54","2022-03-31 21:29:54",0,NA
"28","3D9.1C2DF87375",2,2,"Observation",1,"2022-03-31 21:30:14","2022-03-31 21:30:14",0,0.333333333333333
"29","3D9.1C2DF87416",1,1,"Observation",1,"2022-04-13 22:15:47","2022-04-13 22:15:47",0,NA
"30","3D9.1C2DF87416",2,2,"Observation",2,"2022-04-13 22:16:03","2022-04-18 18:55:15",6999.2,0.266666666666667
"31","3D9.1C2DF87416",1,3,"Observation",1,"2022-04-18 18:56:42","2022-04-18 18:56:42",0,1.45
"32","3D9.239F88BC3F",5,1,"Observation",62,"2022-03-08 17:16:57","2022-03-20 05:20:02",16503.0833333333,NA
"33","3D9.239F88BC3F",11,2,"Observation",1,"2022-04-11 11:11:44","2022-04-11 11:11:44",0,32031.7
"34","3D9.239F88BC3F",1,3,"Observation",1,"2022-04-11 11:12:22","2022-04-11 11:12:22",0,0.633333333333333
"35","3D9.239F88C8E7",1,1,"Observation",1,"2022-01-22 03:02:05","2022-01-22 03:02:05",0,NA
"36","3D9.239F88C8E7",2,2,"Observation",1,"2022-01-22 03:02:23","2022-01-22 03:02:23",0,0.3
"37","3D9.239F88CD8C",11,1,"Observation",1,"2022-03-31 23:36:46","2022-03-31 23:36:46",0,NA
"38","3D9.239F88CD8C",1,2,"Observation",1,"2022-03-31 23:37:18","2022-03-31 23:37:18",0,0.533333333333333
"39","3D9.239F88CD8C",9,3,"Observation",1,"2022-03-31 23:39:50","2022-03-31 23:39:50",0,2.53333333333333
"40","3D9.239F88CE2A",18,1,"Observation",1,"2022-04-02 20:21:56","2022-04-02 20:21:56",0,NA
"41","3D9.239F88CE2A",2,2,"Observation",1,"2022-04-02 21:45:33","2022-04-02 21:45:33",0,83.6166666666667
"42","3D9.239F88D060",7,1,"Observation",14,"2022-01-19 10:38:34","2022-01-27 06:28:43",11270.15,NA
"43","3DD.003BE8FA6F",11,1,"Observation",1,"2022-02-14 10:19:33","2022-02-14 10:19:33",0,NA
"44","3DD.003BE8FA6F",15,2,"Observation",1,"2022-02-28 12:02:38","2022-02-28 12:02:38",0,20263.0833333333
"45","3DD.003BE8FA6F",11,3,"Observation",1,"2022-02-28 12:06:15","2022-02-28 12:06:15",0,3.61666666666667
"46","3DD.003BE8FA6F",7,4,"Observation",2,"2022-04-07 11:37:48","2022-04-07 11:39:12",1.4,54631.55
"47","3DD.003BE8FA6F",15,5,"Observation",2,"2022-04-19 12:30:27","2022-04-19 12:31:56",1.48333333333333,17331.25
"48","3DD.003BE8FA6F",7,6,"Observation",2,"2022-04-25 13:14:03","2022-04-25 13:14:04",0.0166666666666667,8682.11666666667
"49","3DD.003D35066B",1,1,"Observation",11,"2022-03-05 19:37:56","2022-03-29 19:57:11",34519.25,NA
"50","3DD.003D3506C8",1,1,"Observation",3,"2022-01-05 06:18:33","2022-01-05 23:58:35",1060.03333333333,NA
"51","3DD.003D3506C8",2,2,"Observation",2,"2022-01-05 23:59:20","2022-01-06 04:43:12",283.866666666667,0.75
"52","3DD.003D3506C8",1,3,"Observation",3,"2022-01-06 04:45:04","2022-01-13 01:44:01",9898.95,1.86666666666667
"53","3DD.003D3506C8",2,4,"Observation",3,"2022-01-13 01:44:51","2022-01-13 01:55:20",10.4833333333333,0.833333333333333
"54","3DD.003D3506C8",1,5,"Observation",2,"2022-01-13 01:59:09","2022-01-13 03:45:41",106.533333333333,3.81666666666667
"55","3DD.003D3506C8",2,6,"Observation",2,"2022-01-13 03:46:23","2022-01-13 04:17:34",31.1833333333333,0.7
"56","3DD.003D3506C8",1,7,"Observation",3,"2022-01-13 04:19:59","2022-01-29 06:15:56",23155.95,2.41666666666667
"57","3DD.003D3506C8",2,8,"Observation",2,"2022-01-29 06:16:47","2022-01-29 06:17:47",1,0.85
"58","3DD.003D3506C8",1,9,"Observation",1,"2022-01-29 06:18:40","2022-01-29 06:18:40",0,0.883333333333333
"59","3DD.003D57F8A3",2,1,"Observation",2,"2022-04-23 23:24:19","2022-04-23 23:28:59",4.66666666666667,NA
"60","3DD.003D57F8A3",1,2,"Observation",1,"2022-04-23 23:33:22","2022-04-23 23:33:22",0,4.38333333333333
"61","3DD.003D57FB02",2,1,"Observation",1,"2022-04-03 01:54:14","2022-04-03 01:54:14",0,NA
"62","3DD.003D57FB02",1,2,"Observation",2,"2022-04-03 02:04:40","2022-04-03 02:07:19",2.65,10.4333333333333
"63","3DD.003D57FB02",2,3,"Observation",1,"2022-04-03 02:07:44","2022-04-03 02:07:44",0,0.416666666666667
"64","3DD.003D57FB81",2,1,"Observation",142,"2022-04-28 21:00:16","2022-04-28 21:00:27",0.183333333333333,NA
"65","3DD.003D57FB82",2,1,"Observation",1,"2022-04-24 20:19:38","2022-04-24 20:19:38",0,NA
"66","3DD.003D57FB82",1,2,"Observation",1,"2022-04-24 20:26:11","2022-04-24 20:26:11",0,6.55
"67","3DD.003D57FBA5",1,1,"Observation",1,"2022-02-19 19:50:41","2022-02-19 19:50:41",0,NA
"68","3DD.003D57FBA5",2,2,"Observation",1,"2022-02-19 19:50:58","2022-02-19 19:50:58",0,0.283333333333333
"69","3DD.003D5801A4",2,1,"Observation",11,"2022-03-31 01:37:59","2022-03-31 02:05:50",27.85,NA
"70","3DD.003D5801BC",2,1,"Observation",1,"2022-02-15 09:38:10","2022-02-15 09:38:10",0,NA
"71","3DD.003D5801BC",1,2,"Observation",1,"2022-02-15 09:58:17","2022-02-15 09:58:17",0,20.1166666666667
"72","3DD.003D5C8C76",1,1,"Observation",4,"2022-01-14 02:03:41","2022-01-14 02:45:24",41.7166666666667,NA
"73","3DD.003D5C8C96",16,1,"Observation",14,"2022-03-03 20:16:12","2022-03-28 22:14:09",36057.95,NA
"74","3DD.003D7FDA8C",1,1,"Observation",1,"2022-03-27 23:37:18","2022-03-27 23:37:18",0,NA
"75","3DD.003D7FDA8C",2,2,"Observation",1,"2022-03-27 23:37:34","2022-03-27 23:37:34",0,0.266666666666667
"76","3DD.003D7FDACC",2,1,"Observation",2,"2022-03-05 18:02:45","2022-03-05 19:17:51",75.1,NA
"77","3DD.003D7FDACC",1,2,"Observation",1,"2022-03-05 19:26:19","2022-03-05 19:26:19",0,8.46666666666667
"78","3DD.003D7FDC06",2,1,"Observation",1,"2022-02-10 08:29:04","2022-02-10 08:29:04",0,NA
"79","3DD.003D7FDC06",1,2,"Observation",7,"2022-02-10 08:37:54","2022-03-18 22:05:51",52587.95,8.83333333333333
"80","3DD.003D7FDC06",2,3,"Observation",1,"2022-03-18 22:11:34","2022-03-18 22:11:34",0,5.71666666666667
"81","3DD.003D7FDC06",1,4,"Observation",25,"2022-03-18 23:01:56","2022-04-25 00:09:35",53347.65,50.3666666666667
"82","3DD.003D7FE25F",2,1,"Observation",1,"2022-02-12 11:37:59","2022-02-12 11:37:59",0,NA
"83","3DD.003D7FE25F",1,2,"Observation",1,"2022-02-12 11:39:25","2022-02-12 11:39:25",0,1.43333333333333
"84","3DD.003D7FE283",1,1,"Observation",1,"2022-02-19 19:51:21","2022-02-19 19:51:21",0,NA
"85","3DD.003D7FE283",2,2,"Observation",1,"2022-02-19 19:51:49","2022-02-19 19:51:49",0,0.466666666666667
"86","3DD.003D7FE320",1,1,"Observation",1,"2022-01-04 17:42:10","2022-01-04 17:42:10",0,NA
"87","3DD.003D7FE320",2,2,"Observation",1,"2022-01-04 17:42:35","2022-01-04 17:42:35",0,0.416666666666667
"88","3DD.003D7FE898",1,1,"Observation",1,"2022-04-17 21:21:25","2022-04-17 21:21:25",0,NA
"89","3DD.003D7FE898",2,2,"Observation",1,"2022-04-17 21:32:57","2022-04-17 21:32:57",0,11.5333333333333
"90","3DD.003D7FE89C",1,1,"Observation",28,"2022-04-26 21:40:12","2022-04-26 21:40:14",0.0333333333333333,NA
"91","3DD.003D7FE89C",2,2,"Observation",49,"2022-04-26 21:40:33","2022-04-26 21:40:35",0.0333333333333333,0.316666666666667
"92","3DD.003D7FE8A3",1,1,"Observation",1,"2022-04-23 20:42:10","2022-04-23 20:42:10",0,NA
"93","3DD.003D7FE8A3",2,2,"Observation",1,"2022-04-23 20:42:30","2022-04-23 20:42:30",0,0.333333333333333
"94","3DD.003D7FE8AC",1,1,"Observation",1,"2022-04-02 20:08:45","2022-04-02 20:08:45",0,NA
"95","3DD.003D7FE8AC",2,2,"Observation",1,"2022-04-02 20:09:07","2022-04-02 20:09:07",0,0.366666666666667
"96","3DD.003D7FE8B2",1,1,"Observation",1,"2022-04-08 03:43:51","2022-04-08 03:43:51",0,NA
"97","3DD.003D7FE8B2",2,2,"Observation",1,"2022-04-08 03:44:12","2022-04-08 03:44:12",0,0.35
"98","3DD.003D7FE8BB",1,1,"Observation",17,"2022-04-25 20:24:15","2022-04-25 20:24:16",0.0166666666666667,NA
"99","3DD.003D7FE8BB",2,2,"Observation",28,"2022-04-25 20:24:32","2022-04-25 20:24:33",0.0166666666666667,0.266666666666667
"100","3DD.003D7FE8C1",1,1,"Observation",1,"2022-04-05 21:05:40","2022-04-05 21:05:40",0,NA
"101","3DD.003D7FE8C1",2,2,"Observation",1,"2022-04-05 21:06:15","2022-04-05 21:06:15",0,0.583333333333333
"102","3DD.003D7FE8C8",1,1,"Observation",1,"2022-04-07 20:04:56","2022-04-07 20:04:56",0,NA
"103","3DD.003D7FE8C8",2,2,"Observation",1,"2022-04-07 20:05:17","2022-04-07 20:05:17",0,0.35
"104","3DD.003D7FE8D0",1,1,"Observation",1,"2022-04-08 03:24:33","2022-04-08 03:24:33",0,NA
"105","3DD.003D7FE8D0",2,2,"Observation",1,"2022-04-08 03:24:58","2022-04-08 03:24:58",0,0.416666666666667
"106","3DD.003D7FE8D9",1,1,"Observation",35,"2022-04-29 20:01:51","2022-04-29 20:01:53",0.0333333333333333,NA
"107","3DD.003D7FE8D9",2,2,"Observation",196,"2022-04-29 20:02:13","2022-04-30 04:09:08",486.916666666667,0.333333333333333
"108","3DD.003D7FE8D9",1,3,"Observation",113,"2022-04-30 04:32:13","2022-04-30 04:32:17",0.0666666666666667,23.0833333333333
"109","3DD.003D7FE8E0",1,1,"Observation",35,"2022-04-28 21:00:55","2022-04-28 21:00:57",0.0333333333333333,NA
"110","3DD.003D7FE8E0",2,2,"Observation",32,"2022-04-28 21:01:10","2022-04-28 21:01:11",0.0166666666666667,0.216666666666667
"111","3DD.003D7FE8E1",1,1,"Observation",1,"2022-04-10 20:05:55","2022-04-10 20:05:55",0,NA
"112","3DD.003D7FE8E1",2,2,"Observation",2,"2022-04-10 20:08:11","2022-04-17 20:29:10",10100.9833333333,2.26666666666667
"113","3DD.003D7FE8E1",1,3,"Observation",2,"2022-04-17 20:30:46","2022-04-17 20:32:27",1.68333333333333,1.6
"114","3DD.003D7FE8E1",2,4,"Observation",2,"2022-04-17 20:32:41","2022-04-17 21:05:11",32.5,0.233333333333333
"115","3DD.003D7FE8E1",1,5,"Observation",1,"2022-04-17 21:07:31","2022-04-17 21:07:31",0,2.33333333333333
"116","3DD.003D7FE8E4",1,1,"Observation",1,"2022-04-09 19:36:53","2022-04-09 19:36:53",0,NA
"117","3DD.003D7FE8E4",2,2,"Observation",1,"2022-04-09 19:37:21","2022-04-09 19:37:21",0,0.466666666666667
"118","3DD.003D7FE8E5",1,1,"Observation",17,"2022-04-26 20:24:08","2022-04-26 20:24:09",0.0166666666666667,NA
"119","3DD.003D7FE8E5",2,2,"Observation",23,"2022-04-26 20:24:28","2022-04-26 20:24:29",0.0166666666666667,0.316666666666667
"120","3DD.003D7FE8E9",1,1,"Observation",28,"2022-04-28 20:12:02","2022-04-28 20:12:03",0.0166666666666667,NA
"121","3DD.003D7FE8E9",2,2,"Observation",22,"2022-04-28 20:12:20","2022-04-28 20:12:21",0.0166666666666667,0.283333333333333
"122","3DD.003D7FE8EE",1,1,"Observation",306,"2022-04-29 20:34:07","2022-04-29 20:34:39",0.533333333333333,NA
"123","3DD.003D7FE8EE",2,2,"Observation",17,"2022-04-29 20:34:56","2022-04-29 20:34:56",0,0.283333333333333
"124","3DD.003D7FE91C",2,1,"Observation",11,"2022-01-19 23:55:47","2022-02-15 18:02:11",38526.4,NA
"125","3DD.003D7FE91C",1,2,"Observation",5,"2022-02-15 18:47:46","2022-02-15 20:26:39",98.8833333333333,45.5833333333333
"126","3DD.003D7FE91C",2,3,"Observation",40,"2022-02-16 03:02:14","2022-03-22 23:34:25",50132.1833333333,395.583333333333
"127","3DD.003D7FE962",5,1,"Observation",17,"2022-01-01 09:22:30","2022-01-30 07:46:03",41663.55,NA
"128","3DD.003D7FED8D",1,1,"Observation",2,"2022-02-13 23:54:52","2022-02-14 21:02:01",1267.15,NA
"129","3DD.003D7FEE3A",9,1,"Observation",1,"2022-01-13 08:50:31","2022-01-13 08:50:31",0,NA
"130","3DD.003D7FEE3A",10,2,"Observation",2,"2022-01-13 08:50:51","2022-01-13 08:57:03",6.2,0.333333333333333
"131","3DD.003D7FEE40",1,1,"Observation",2,"2022-03-08 20:49:24","2022-03-08 20:57:02",7.63333333333333,NA
"132","3DD.003D7FEEF1",18,1,"Observation",3,"2022-03-20 06:02:51","2022-03-20 06:16:04",13.2166666666667,NA
"133","3DD.003D7FEEF1",17,2,"Observation",1,"2022-03-20 07:22:02","2022-03-20 07:22:02",0,65.9666666666667
"134","3DD.003D7FEEF1",16,3,"Observation",1,"2022-03-20 07:25:32","2022-03-20 07:25:32",0,3.5
"135","3DD.003D7FF0F3",2,1,"Observation",1,"2022-04-23 20:24:39","2022-04-23 20:24:39",0,NA
"136","3DD.003D7FF0F3",1,2,"Observation",1,"2022-04-23 20:28:38","2022-04-23 20:28:38",0,3.98333333333333
"137","3DD.003D7FF535",9,1,"Observation",1,"2022-03-19 06:21:43","2022-03-19 06:21:43",0,NA
"138","3DD.003D7FF535",18,2,"Observation",1,"2022-03-20 12:32:01","2022-03-20 12:32:01",0,1810.3
"139","3DD.003D7FF535",17,3,"Observation",1,"2022-03-20 20:49:01","2022-03-20 20:49:01",0,497
"140","3DD.003D7FF535",16,4,"Observation",1,"2022-03-20 20:56:21","2022-03-20 20:56:21",0,7.33333333333333
"141","3DD.003D7FF59D",2,1,"Observation",1,"2022-04-20 21:09:41","2022-04-20 21:09:41",0,NA
"142","3DD.003D7FF59D",1,2,"Observation",1,"2022-04-20 21:12:06","2022-04-20 21:12:06",0,2.41666666666667
"143","3DD.003D7FF5ED",2,1,"Observation",1,"2022-03-17 19:46:33","2022-03-17 19:46:33",0,NA
"144","3DD.003D7FF5ED",1,2,"Observation",1,"2022-03-17 19:49:54","2022-03-17 19:49:54",0,3.35
"145","3DD.003D7FF608",5,1,"Observation",4,"2022-01-09 05:27:17","2022-01-09 05:33:20",6.05,NA
"146","3DD.003D7FF653",18,1,"Observation",36,"2022-01-18 15:45:53","2022-01-18 16:20:53",35,NA
"147","3DD.003D7FF653",17,2,"Observation",1,"2022-01-19 01:16:07","2022-01-19 01:16:07",0,535.233333333333
"148","3DD.003D7FF653",16,3,"Observation",1,"2022-01-19 01:25:39","2022-01-19 01:25:39",0,9.53333333333333
"149","3DD.003D7FF688",2,1,"Observation",1,"2022-03-14 05:52:16","2022-03-14 05:52:16",0,NA
"150","3DD.003D7FF688",1,2,"Observation",1,"2022-03-14 05:54:53","2022-03-14 05:54:53",0,2.61666666666667
"151","3DD.003D7FF68C",2,1,"Observation",1,"2022-04-02 00:25:31","2022-04-02 00:25:31",0,NA
"152","3DD.003D7FF68C",1,2,"Observation",1,"2022-04-02 00:27:26","2022-04-02 00:27:26",0,1.91666666666667
"153","3DD.003D7FF6C8",7,1,"Observation",15,"2022-01-26 01:50:34","2022-03-22 01:55:33",79144.9833333333,NA
"154","3DD.003DA2104A",7,1,"Observation",9,"2022-03-27 17:40:03","2022-03-28 04:03:47",623.733333333333,NA
"155","3DD.003DA21077",1,1,"Observation",4,"2022-02-13 23:55:03","2022-02-14 21:01:47",1266.73333333333,NA
"156","3DD.003DA2109B",1,1,"Observation",1,"2022-01-13 23:44:56","2022-01-13 23:44:56",0,NA
"157","3DD.003DA2109B",2,2,"Observation",1,"2022-01-13 23:45:38","2022-01-13 23:45:38",0,0.7
"158","3DD.003DA211E9",2,1,"Observation",1,"2022-01-02 17:56:41","2022-01-02 17:56:41",0,NA
"159","3DD.003DA211E9",1,2,"Observation",1,"2022-01-02 17:58:27","2022-01-02 17:58:27",0,1.76666666666667
"160","3DD.003DA415F7",9,1,"Observation",512,"2022-04-24 22:25:17","2022-04-30 04:04:51",7539.56666666667,NA
"161","3DD.003DE65D8F",16,1,"Observation",3,"2022-04-01 18:52:39","2022-04-01 19:11:07",18.4666666666667,NA
"162","3DD.003DE65D96",1,1,"Observation",1,"2022-04-01 14:12:39","2022-04-01 14:12:39",0,NA
"163","3DD.003DE65D96",2,2,"Observation",1,"2022-04-01 19:16:11","2022-04-01 19:16:11",0,303.533333333333
"164","3DD.003DE65D97",1,1,"Observation",1,"2022-04-03 19:52:21","2022-04-03 19:52:21",0,NA
"165","3DD.003DE65D97",2,2,"Observation",1,"2022-04-03 19:52:41","2022-04-03 19:52:41",0,0.333333333333333
"166","3DD.003DE65D99",1,1,"Observation",1,"2022-04-02 19:54:27","2022-04-02 19:54:27",0,NA
"167","3DD.003DE65D99",2,2,"Observation",1,"2022-04-02 19:54:50","2022-04-02 19:54:50",0,0.383333333333333
"168","3DD.003DE65D9C",1,1,"Observation",1,"2022-04-04 19:15:04","2022-04-04 19:15:04",0,NA
"169","3DD.003DE65D9C",2,2,"Observation",249,"2022-04-04 19:15:33","2022-04-29 00:51:20",34895.7833333333,0.483333333333333
"170","3DD.003DE65D9C",1,3,"Observation",380,"2022-04-29 00:56:20","2022-04-29 00:56:32",0.2,5
"171","3DD.003DE65D9E",1,1,"Observation",1,"2022-04-03 19:37:32","2022-04-03 19:37:32",0,NA
"172","3DD.003DE65D9E",2,2,"Observation",1,"2022-04-03 19:37:55","2022-04-03 19:37:55",0,0.383333333333333
"173","3DD.003DE65DA0",1,1,"Observation",1,"2022-04-03 19:49:31","2022-04-03 19:49:31",0,NA
"174","3DD.003DE65DA0",2,2,"Observation",1,"2022-04-03 19:49:52","2022-04-03 19:49:52",0,0.35
"175","3DD.003DE65DA7",1,1,"Observation",1,"2022-04-02 19:59:57","2022-04-02 19:59:57",0,NA
"176","3DD.003DE65DA7",2,2,"Observation",2,"2022-04-02 20:00:16","2022-04-05 02:28:10",3267.9,0.316666666666667
"177","3DD.003DE65DA7",1,3,"Observation",1,"2022-04-05 02:31:20","2022-04-05 02:31:20",0,3.16666666666667
"178","3DD.003DE65DA7",2,4,"Observation",1,"2022-04-07 23:58:14","2022-04-07 23:58:14",0,4166.9
"179","3DD.003DE65DB1",1,1,"Observation",1,"2022-03-30 20:30:47","2022-03-30 20:30:47",0,NA
"180","3DD.003DE65DB1",2,2,"Observation",1,"2022-03-30 20:31:10","2022-03-30 20:31:10",0,0.383333333333333
"181","3DD.003DE65DB5",1,1,"Observation",1,"2022-03-31 19:02:07","2022-03-31 19:02:07",0,NA
"182","3DD.003DE65DB5",2,2,"Observation",1,"2022-03-31 19:02:25","2022-03-31 19:02:25",0,0.3
"183","3DD.003DE65DB9",1,1,"Observation",1,"2022-04-02 19:55:59","2022-04-02 19:55:59",0,NA
"184","3DD.003DE65DB9",2,2,"Observation",1,"2022-04-02 19:56:21","2022-04-02 19:56:21",0,0.366666666666667
"185","3DD.003DE65DBA",1,1,"Observation",1,"2022-04-03 19:34:56","2022-04-03 19:34:56",0,NA
"186","3DD.003DE65DBA",2,2,"Observation",1,"2022-04-03 19:35:16","2022-04-03 19:35:16",0,0.333333333333333
"187","3DD.003DE65DBB",1,1,"Observation",1,"2022-03-31 19:56:45","2022-03-31 19:56:45",0,NA
"188","3DD.003DE65DBB",2,2,"Observation",1,"2022-03-31 19:57:07","2022-03-31 19:57:07",0,0.366666666666667
"189","3DD.003DE65DBF",1,1,"Observation",1,"2022-04-02 19:16:50","2022-04-02 19:16:50",0,NA
"190","3DD.003DE65DBF",2,2,"Observation",1,"2022-04-02 19:17:11","2022-04-02 19:17:11",0,0.35
"191","3DD.003DE65DC0",1,1,"Observation",1,"2022-04-01 19:07:25","2022-04-01 19:07:25",0,NA
"192","3DD.003DE65DC0",2,2,"Observation",1,"2022-04-01 19:07:45","2022-04-01 19:07:45",0,0.333333333333333
"193","3DD.003DE65DC2",1,1,"Observation",1,"2022-03-31 13:29:29","2022-03-31 13:29:29",0,NA
"194","3DD.003DE65DC2",2,2,"Observation",2,"2022-03-31 13:45:03","2022-03-31 13:49:08",4.08333333333333,15.5666666666667
"195","3DD.003DE65DD3",1,1,"Observation",1,"2022-04-03 19:12:39","2022-04-03 19:12:39",0,NA
"196","3DD.003DE65DD3",2,2,"Observation",1,"2022-04-03 19:12:58","2022-04-03 19:12:58",0,0.316666666666667
"197","3DD.003DE65DD5",16,1,"Observation",1,"2022-04-02 13:52:35","2022-04-02 13:52:35",0,NA
"198","3DD.003DE65DD5",17,2,"Observation",1,"2022-04-02 13:54:13","2022-04-02 13:54:13",0,1.63333333333333
"199","3DD.003DE65DD5",18,3,"Observation",1,"2022-04-02 19:11:12","2022-04-02 19:11:12",0,316.983333333333
"200","3DD.003DE65DD5",1,4,"Observation",1,"2022-04-02 19:53:28","2022-04-02 19:53:28",0,42.2666666666667
"201","3DD.003DE65DD5",2,5,"Observation",1,"2022-04-02 19:53:52","2022-04-02 19:53:52",0,0.4
"202","3DD.003DE65DDC",1,1,"Observation",1,"2022-04-03 19:38:23","2022-04-03 19:38:23",0,NA
"203","3DD.003DE65DDC",2,2,"Observation",1,"2022-04-03 19:38:41","2022-04-03 19:38:41",0,0.3
"204","3DD.003DE65DE0",1,1,"Observation",1,"2022-04-03 18:41:26","2022-04-03 18:41:26",0,NA
"205","3DD.003DE65DE0",2,2,"Observation",1,"2022-04-03 18:41:41","2022-04-03 18:41:41",0,0.25
"206","3DD.003DE65DE3",1,1,"Observation",1,"2022-04-06 20:12:57","2022-04-06 20:12:57",0,NA
"207","3DD.003DE65DE3",2,2,"Observation",1,"2022-04-06 20:13:18","2022-04-06 20:13:18",0,0.35
"208","3DD.003DE65DE5",1,1,"Observation",1,"2022-04-03 20:43:18","2022-04-03 20:43:18",0,NA
"209","3DD.003DE65DE5",2,2,"Observation",1,"2022-04-03 20:43:44","2022-04-03 20:43:44",0,0.433333333333333
"210","3DD.003DE65DE6",1,1,"Observation",1,"2022-04-02 04:02:50","2022-04-02 04:02:50",0,NA
"211","3DD.003DE65DE6",2,2,"Observation",4,"2022-04-02 04:03:13","2022-04-02 04:12:19",9.1,0.383333333333333
"212","3DD.003DE65DE8",1,1,"Observation",1,"2022-04-03 19:33:07","2022-04-03 19:33:07",0,NA
"213","3DD.003DE65DE8",2,2,"Observation",3,"2022-04-03 19:33:27","2022-04-03 19:39:04",5.61666666666667,0.333333333333333
"214","3DD.003DE65DEA",1,1,"Observation",1,"2022-04-04 19:54:17","2022-04-04 19:54:17",0,NA
"215","3DD.003DE65DEA",2,2,"Observation",1,"2022-04-04 19:54:37","2022-04-04 19:54:37",0,0.333333333333333
"216","3DD.003DE65DEA",1,3,"Observation",1,"2022-04-07 19:11:18","2022-04-07 19:11:18",0,4276.68333333333
"217","3DD.003DE65DEC",1,1,"Observation",1,"2022-04-03 19:32:31","2022-04-03 19:32:31",0,NA
"218","3DD.003DE65DEC",2,2,"Observation",1,"2022-04-03 19:33:03","2022-04-03 19:33:03",0,0.533333333333333
"219","3DD.003DE65DEF",1,1,"Observation",1,"2022-04-05 19:30:08","2022-04-05 19:30:08",0,NA
"220","3DD.003DE65DEF",2,2,"Observation",1,"2022-04-05 19:30:24","2022-04-05 19:30:24",0,0.266666666666667
"221","3DD.003DE65DF0",1,1,"Observation",1,"2022-04-02 18:55:40","2022-04-02 18:55:40",0,NA
"222","3DD.003DE65DF0",2,2,"Observation",1,"2022-04-02 18:55:56","2022-04-02 18:55:56",0,0.266666666666667
"223","3DD.003DE65F86",1,1,"Observation",1,"2022-04-04 19:48:46","2022-04-04 19:48:46",0,NA
"224","3DD.003DE65F86",2,2,"Observation",1,"2022-04-04 19:49:06","2022-04-04 19:49:06",0,0.333333333333333
"225","3DD.003DE65F87",1,1,"Observation",2,"2022-04-05 18:44:25","2022-04-05 18:46:52",2.45,NA
"226","3DD.003DE65F87",2,2,"Observation",1,"2022-04-05 18:54:00","2022-04-05 18:54:00",0,7.13333333333333
"227","3DD.003DE65F8D",1,1,"Observation",1,"2022-04-03 18:42:01","2022-04-03 18:42:01",0,NA
"228","3DD.003DE65F8D",2,2,"Observation",1,"2022-04-03 18:42:19","2022-04-03 18:42:19",0,0.3
"229","3DD.003DE65F8E",1,1,"Observation",1,"2022-04-05 19:55:25","2022-04-05 19:55:25",0,NA
"230","3DD.003DE65F8E",2,2,"Observation",1,"2022-04-05 19:55:43","2022-04-05 19:55:43",0,0.3
"231","3DD.003DE65F90",1,1,"Observation",1,"2022-04-05 20:09:43","2022-04-05 20:09:43",0,NA
"232","3DD.003DE65F90",2,2,"Observation",1,"2022-04-05 20:10:08","2022-04-05 20:10:08",0,0.416666666666667
"233","3DD.003DE65F92",1,1,"Observation",1,"2022-04-04 18:35:45","2022-04-04 18:35:45",0,NA
"234","3DD.003DE65F92",2,2,"Observation",8,"2022-04-04 18:36:02","2022-04-04 18:46:02",10,0.283333333333333
"235","3DD.003DE65F93",1,1,"Observation",1,"2022-04-03 19:16:46","2022-04-03 19:16:46",0,NA
"236","3DD.003DE65F93",2,2,"Observation",1,"2022-04-03 19:17:10","2022-04-03 19:17:10",0,0.4
"237","3DD.003DE65F96",1,1,"Observation",1,"2022-04-03 19:53:34","2022-04-03 19:53:34",0,NA
"238","3DD.003DE65F96",2,2,"Observation",1,"2022-04-03 19:53:57","2022-04-03 19:53:57",0,0.383333333333333
"239","3DD.003DE65F9B",1,1,"Observation",1,"2022-04-05 19:35:26","2022-04-05 19:35:26",0,NA
"240","3DD.003DE65F9B",2,2,"Observation",1,"2022-04-06 03:27:13","2022-04-06 03:27:13",0,471.783333333333
"241","3DD.003DE65F9B",1,3,"Observation",1,"2022-04-06 03:28:23","2022-04-06 03:28:23",0,1.16666666666667
"242","3DD.003DE65F9C",18,1,"Observation",1,"2022-04-04 20:51:59","2022-04-04 20:51:59",0,NA
"243","3DD.003DE65F9E",1,1,"Observation",1,"2022-04-05 19:33:26","2022-04-05 19:33:26",0,NA
"244","3DD.003DE65F9E",2,2,"Observation",1,"2022-04-05 19:33:51","2022-04-05 19:33:51",0,0.416666666666667
"245","3DD.003DE65FA0",1,1,"Observation",1,"2022-04-03 21:00:43","2022-04-03 21:00:43",0,NA
"246","3DD.003DE65FA0",2,2,"Observation",1,"2022-04-03 21:01:05","2022-04-03 21:01:05",0,0.366666666666667
"247","3DD.003DE65FA9",1,1,"Observation",1,"2022-04-05 19:02:03","2022-04-05 19:02:03",0,NA
"248","3DD.003DE65FA9",2,2,"Observation",1,"2022-04-05 19:02:20","2022-04-05 19:02:20",0,0.283333333333333
"249","3DD.003DE65FAB",1,1,"Observation",1,"2022-04-04 11:29:01","2022-04-04 11:29:01",0,NA
"250","3DD.003DE65FAB",2,2,"Observation",1,"2022-04-04 11:29:38","2022-04-04 11:29:38",0,0.616666666666667
"251","3DD.003DE65FAD",1,1,"Observation",1,"2022-04-04 19:45:45","2022-04-04 19:45:45",0,NA
"252","3DD.003DE65FAD",2,2,"Observation",2,"2022-04-04 19:46:02","2022-04-04 22:20:58",154.933333333333,0.283333333333333
"253","3DD.003DE65FAD",1,3,"Observation",1,"2022-04-04 22:28:27","2022-04-04 22:28:27",0,7.48333333333333
"254","3DD.003DE65FAE",1,1,"Observation",1,"2022-04-05 19:25:02","2022-04-05 19:25:02",0,NA
"255","3DD.003DE65FAE",2,2,"Observation",1,"2022-04-05 19:25:23","2022-04-05 19:25:23",0,0.35
"256","3DD.003DE65FAF",1,1,"Observation",1,"2022-04-04 18:42:54","2022-04-04 18:42:54",0,NA
"257","3DD.003DE65FAF",2,2,"Observation",1,"2022-04-04 18:43:14","2022-04-04 18:43:14",0,0.333333333333333
"258","3DD.003DE65FB3",1,1,"Observation",1,"2022-04-05 19:05:20","2022-04-05 19:05:20",0,NA
"259","3DD.003DE65FB3",2,2,"Observation",1,"2022-04-05 19:05:36","2022-04-05 19:05:36",0,0.266666666666667
"260","3DD.003DE65FB4",1,1,"Observation",1,"2022-04-05 19:56:13","2022-04-05 19:56:13",0,NA
"261","3DD.003DE65FB4",2,2,"Observation",1,"2022-04-05 19:56:36","2022-04-05 19:56:36",0,0.383333333333333
"262","3DD.003DE65FB5",1,1,"Observation",1,"2022-04-03 19:21:07","2022-04-03 19:21:07",0,NA
"263","3DD.003DE65FB5",2,2,"Observation",1,"2022-04-03 19:21:27","2022-04-03 19:21:27",0,0.333333333333333
"264","3DD.003DE65FB6",1,1,"Observation",1,"2022-04-04 19:23:16","2022-04-04 19:23:16",0,NA
"265","3DD.003DE65FB6",2,2,"Observation",1,"2022-04-04 19:23:46","2022-04-04 19:23:46",0,0.5
"266","3DD.003DE65FBD",1,1,"Observation",1,"2022-04-05 19:52:45","2022-04-05 19:52:45",0,NA
"267","3DD.003DE65FBD",2,2,"Observation",4,"2022-04-05 19:53:09","2022-04-05 21:34:55",101.766666666667,0.4
"268","3DD.003DE65FBD",1,3,"Observation",1,"2022-04-05 21:43:24","2022-04-05 21:43:24",0,8.48333333333333
"269","3DD.003DE65FBF",1,1,"Observation",1,"2022-04-05 19:23:54","2022-04-05 19:23:54",0,NA
"270","3DD.003DE65FBF",2,2,"Observation",1,"2022-04-05 19:24:19","2022-04-05 19:24:19",0,0.416666666666667
"271","3DD.003DE65FC3",1,1,"Observation",1,"2022-04-06 19:15:47","2022-04-06 19:15:47",0,NA
"272","3DD.003DE65FC3",2,2,"Observation",1,"2022-04-06 19:16:08","2022-04-06 19:16:08",0,0.35
"273","3DD.003DE65FC6",1,1,"Observation",1,"2022-04-03 19:24:21","2022-04-03 19:24:21",0,NA
"274","3DD.003DE65FC6",2,2,"Observation",1,"2022-04-03 19:24:41","2022-04-03 19:24:41",0,0.333333333333333
"275","3DD.003DE65FCA",1,1,"Observation",1,"2022-04-05 19:27:31","2022-04-05 19:27:31",0,NA
"276","3DD.003DE65FCA",2,2,"Observation",4,"2022-04-05 19:27:59","2022-04-05 19:37:15",9.26666666666667,0.466666666666667
"277","3DD.003DE65FCE",16,1,"Observation",2,"2022-04-05 12:25:31","2022-04-05 12:36:00",10.4833333333333,NA
"278","3DD.003DE65FCE",17,2,"Observation",1,"2022-04-05 12:49:21","2022-04-05 12:49:21",0,13.35
"279","3DD.003DE65FCE",18,3,"Observation",1,"2022-04-05 19:21:13","2022-04-05 19:21:13",0,391.866666666667
"280","3DD.003DE65FCE",1,4,"Observation",1,"2022-04-05 20:07:04","2022-04-05 20:07:04",0,45.85
"281","3DD.003DE65FCE",2,5,"Observation",1,"2022-04-05 20:07:25","2022-04-05 20:07:25",0,0.35
"282","3DD.003DE65FD0",1,1,"Observation",1,"2022-04-05 19:47:20","2022-04-05 19:47:20",0,NA
"283","3DD.003DE65FD0",2,2,"Observation",1,"2022-04-05 19:47:46","2022-04-05 19:47:46",0,0.433333333333333
"284","3DD.003DE65FD1",1,1,"Observation",1,"2022-04-03 19:43:05","2022-04-03 19:43:05",0,NA
"285","3DD.003DE65FD1",2,2,"Observation",3,"2022-04-03 19:43:30","2022-04-03 19:46:55",3.41666666666667,0.416666666666667
"286","3DD.003DE65FD5",1,1,"Observation",1,"2022-04-04 19:58:48","2022-04-04 19:58:48",0,NA
"287","3DD.003DE65FD5",2,2,"Observation",1,"2022-04-04 19:59:08","2022-04-04 19:59:08",0,0.333333333333333
"288","3DD.003DE65FE2",1,1,"Observation",1,"2022-04-06 19:51:56","2022-04-06 19:51:56",0,NA
"289","3DD.003DE65FE2",2,2,"Observation",1,"2022-04-06 19:52:17","2022-04-06 19:52:17",0,0.35
"290","3DD.003DE65FE5",1,1,"Observation",1,"2022-04-04 19:22:22","2022-04-04 19:22:22",0,NA
"291","3DD.003DE65FE5",2,2,"Observation",2,"2022-04-04 19:22:42","2022-04-04 21:22:58",120.266666666667,0.333333333333333
"292","3DD.003DE65FE5",1,3,"Observation",1,"2022-04-05 19:01:22","2022-04-05 19:01:22",0,1298.4
"293","3DD.003DE65FE5",2,4,"Observation",1,"2022-04-05 19:01:52","2022-04-05 19:01:52",0,0.5
"294","3DD.003DE65FE5",1,5,"Observation",1,"2022-04-07 19:12:00","2022-04-07 19:12:00",0,2890.13333333333
"295","3DD.003DE65FE5",2,6,"Observation",1,"2022-04-07 23:58:17","2022-04-07 23:58:17",0,286.283333333333
"296","3DD.003DE65FE6",1,1,"Observation",1,"2022-04-23 20:30:02","2022-04-23 20:30:02",0,NA
"297","3DD.003DE65FE6",2,2,"Observation",1,"2022-04-23 20:30:33","2022-04-23 20:30:33",0,0.516666666666667
"298","3DD.003DE65FEA",1,1,"Observation",6,"2022-04-18 20:20:08","2022-04-18 20:25:09",5.01666666666667,NA
"299","3DD.003DE65FEA",2,2,"Observation",1,"2022-04-18 20:26:20","2022-04-18 20:26:20",0,1.18333333333333
"300","3DD.003DE65FED",1,1,"Observation",1,"2022-04-18 23:07:42","2022-04-18 23:07:42",0,NA
"301","3DD.003DE65FED",2,2,"Observation",4,"2022-04-18 23:08:03","2022-04-20 21:36:36",2788.55,0.35
"302","3DD.003DE65FEE",16,1,"Observation",1,"2022-04-11 18:29:30","2022-04-11 18:29:30",0,NA
"303","3DD.003DE65FEE",17,2,"Observation",5,"2022-04-11 18:31:04","2022-04-11 18:35:03",3.98333333333333,1.56666666666667
"304","3DD.003DE65FEE",18,3,"Observation",1,"2022-04-11 19:06:06","2022-04-11 19:06:06",0,31.05
"305","3DD.003DE65FF8",1,1,"Observation",1,"2022-04-11 19:55:09","2022-04-11 19:55:09",0,NA
"306","3DD.003DE65FF8",2,2,"Observation",1,"2022-04-11 19:55:25","2022-04-11 19:55:25",0,0.266666666666667
"307","3DD.003DE65FFA",1,1,"Observation",1,"2022-04-17 19:17:32","2022-04-17 19:17:32",0,NA
"308","3DD.003DE65FFA",2,2,"Observation",1,"2022-04-17 19:17:48","2022-04-17 19:17:48",0,0.266666666666667
"309","3DD.003DE66007",1,1,"Observation",1,"2022-04-19 20:19:48","2022-04-19 20:19:48",0,NA
"310","3DD.003DE66007",2,2,"Observation",2,"2022-04-19 20:20:05","2022-04-20 22:23:16",1563.18333333333,0.283333333333333
"311","3DD.003DE66007",1,3,"Observation",1,"2022-04-20 22:28:13","2022-04-20 22:28:13",0,4.95
"312","3DD.003DE6600B",1,1,"Observation",1,"2022-04-16 20:12:55","2022-04-16 20:12:55",0,NA
"313","3DD.003DE6600B",2,2,"Observation",1,"2022-04-16 20:13:10","2022-04-16 20:13:10",0,0.25
"314","3DD.003DE6600D",1,1,"Observation",1,"2022-04-15 19:51:17","2022-04-15 19:51:17",0,NA
"315","3DD.003DE6600D",2,2,"Observation",1,"2022-04-15 19:51:33","2022-04-15 19:51:33",0,0.266666666666667
"316","3DD.003DE6600E",1,1,"Observation",1,"2022-04-16 22:28:19","2022-04-16 22:28:19",0,NA
"317","3DD.003DE6600E",2,2,"Observation",1,"2022-04-16 22:28:33","2022-04-16 22:28:33",0,0.233333333333333
"318","3DD.003DE66012",1,1,"Observation",1,"2022-04-19 20:12:47","2022-04-19 20:12:47",0,NA
"319","3DD.003DE66012",2,2,"Observation",1,"2022-04-19 20:13:09","2022-04-19 20:13:09",0,0.366666666666667
"320","3DD.003DE66013",1,1,"Observation",1,"2022-04-18 19:49:29","2022-04-18 19:49:29",0,NA
"321","3DD.003DE66013",2,2,"Observation",1,"2022-04-18 19:49:52","2022-04-18 19:49:52",0,0.383333333333333
"322","3DD.003DE66014",1,1,"Observation",1,"2022-04-16 19:37:45","2022-04-16 19:37:45",0,NA
"323","3DD.003DE66014",2,2,"Observation",3,"2022-04-16 19:38:03","2022-04-16 22:44:17",186.233333333333,0.3
"324","3DD.003DE66015",1,1,"Observation",1,"2022-04-19 19:57:58","2022-04-19 19:57:58",0,NA
"325","3DD.003DE66015",2,2,"Observation",1,"2022-04-19 19:58:16","2022-04-19 19:58:16",0,0.3
"326","3DD.003DE66016",18,1,"Observation",1,"2022-04-15 19:38:56","2022-04-15 19:38:56",0,NA
"327","3DD.003DE66016",1,2,"Observation",3,"2022-04-15 20:33:54","2022-04-15 20:42:11",8.28333333333333,54.9666666666667
"328","3DD.003DE66016",2,3,"Observation",1,"2022-04-15 20:42:31","2022-04-15 20:42:31",0,0.333333333333333
"329","3DD.003DE66018",1,1,"Observation",1,"2022-04-19 20:32:15","2022-04-19 20:32:15",0,NA
"330","3DD.003DE66018",2,2,"Observation",1,"2022-04-19 20:32:47","2022-04-19 20:32:47",0,0.533333333333333
"331","3DD.003DE6601E",1,1,"Observation",1,"2022-04-19 19:52:39","2022-04-19 19:52:39",0,NA
"332","3DD.003DE6601E",2,2,"Observation",1,"2022-04-19 19:53:06","2022-04-19 19:53:06",0,0.45
"333","3DD.003DE66022",1,1,"Observation",1,"2022-04-15 20:38:17","2022-04-15 20:38:17",0,NA
"334","3DD.003DE66022",2,2,"Observation",2,"2022-04-15 20:38:35","2022-04-25 02:34:57",13316.3666666667,0.3
"335","3DD.003DE66022",1,3,"Observation",1,"2022-04-25 02:40:25","2022-04-25 02:40:25",0,5.46666666666667
"336","3DD.003DE66027",1,1,"Observation",1,"2022-04-19 19:54:34","2022-04-19 19:54:34",0,NA
"337","3DD.003DE66027",2,2,"Observation",4,"2022-04-19 19:55:00","2022-04-20 08:43:34",768.566666666667,0.433333333333333
"338","3DD.003DE66027",1,3,"Observation",1,"2022-04-20 08:45:23","2022-04-20 08:45:23",0,1.81666666666667
"339","3DD.003DE6602D",1,1,"Observation",1,"2022-04-17 19:53:03","2022-04-17 19:53:03",0,NA
"340","3DD.003DE6602D",2,2,"Observation",1,"2022-04-17 19:53:49","2022-04-17 19:53:49",0,0.766666666666667
"341","3DD.003DE66030",1,1,"Observation",1,"2022-04-11 20:51:53","2022-04-11 20:51:53",0,NA
"342","3DD.003DE66030",2,2,"Observation",1,"2022-04-11 20:52:11","2022-04-11 20:52:11",0,0.3
"343","3DD.003DE66031",1,1,"Observation",1,"2022-04-15 19:58:09","2022-04-15 19:58:09",0,NA
"344","3DD.003DE66031",2,2,"Observation",2,"2022-04-15 19:58:32","2022-04-17 00:52:36",1734.06666666667,0.383333333333333
"345","3DD.003DE66031",1,3,"Observation",1,"2022-04-17 00:58:29","2022-04-17 00:58:29",0,5.88333333333333
"346","3DD.003DE66036",1,1,"Observation",1,"2022-04-15 19:43:48","2022-04-15 19:43:48",0,NA
"347","3DD.003DE66036",2,2,"Observation",1,"2022-04-15 19:44:12","2022-04-15 19:44:12",0,0.4
"348","3DD.003DE66037",1,1,"Observation",1,"2022-04-20 20:21:03","2022-04-20 20:21:03",0,NA
"349","3DD.003DE66037",2,2,"Observation",1,"2022-04-20 20:21:24","2022-04-20 20:21:24",0,0.35
"350","3DD.003DE66039",1,1,"Observation",1,"2022-04-19 20:45:25","2022-04-19 20:45:25",0,NA
"351","3DD.003DE66039",2,2,"Observation",1,"2022-04-19 20:45:44","2022-04-19 20:45:44",0,0.316666666666667
"352","3DD.003DE66043",1,1,"Observation",1,"2022-04-18 19:47:39","2022-04-18 19:47:39",0,NA
"353","3DD.003DE66043",2,2,"Observation",1,"2022-04-18 19:48:02","2022-04-18 19:48:02",0,0.383333333333333
"354","3DD.003DE66178",1,1,"Observation",1,"2022-04-06 19:44:34","2022-04-06 19:44:34",0,NA
"355","3DD.003DE66178",2,2,"Observation",1,"2022-04-06 19:44:54","2022-04-06 19:44:54",0,0.333333333333333
"356","3DD.003DE66179",1,1,"Observation",1,"2022-04-07 23:01:26","2022-04-07 23:01:26",0,NA
"357","3DD.003DE66179",2,2,"Observation",4,"2022-04-07 23:01:53","2022-04-08 21:48:19",1366.43333333333,0.45
"358","3DD.003DE66179",1,3,"Observation",1,"2022-04-08 21:52:21","2022-04-08 21:52:21",0,4.03333333333333
"359","3DD.003DE6617A",1,1,"Observation",1,"2022-04-06 19:47:09","2022-04-06 19:47:09",0,NA
"360","3DD.003DE6617A",2,2,"Observation",1,"2022-04-06 19:47:29","2022-04-06 19:47:29",0,0.333333333333333
"361","3DD.003DE6617E",1,1,"Observation",1,"2022-04-06 20:08:20","2022-04-06 20:08:20",0,NA
"362","3DD.003DE6617F",1,1,"Observation",1,"2022-04-06 20:59:00","2022-04-06 20:59:00",0,NA
"363","3DD.003DE6617F",2,2,"Observation",1,"2022-04-06 20:59:17","2022-04-06 20:59:17",0,0.283333333333333
"364","3DD.003DE66180",1,1,"Observation",1,"2022-04-07 21:17:55","2022-04-07 21:17:55",0,NA
"365","3DD.003DE66180",2,2,"Observation",1,"2022-04-07 21:18:24","2022-04-07 21:18:24",0,0.483333333333333
"366","3DD.003DE66184",1,1,"Observation",1,"2022-04-24 22:28:27","2022-04-24 22:28:27",0,NA
"367","3DD.003DE66184",2,2,"Observation",2,"2022-04-24 22:28:45","2022-04-25 00:26:01",117.266666666667,0.3
"368","3DD.003DE66184",1,3,"Observation",1,"2022-04-25 00:29:49","2022-04-25 00:29:49",0,3.8
"369","3DD.003DE66185",1,1,"Observation",1,"2022-04-07 20:33:00","2022-04-07 20:33:00",0,NA
"370","3DD.003DE66185",2,2,"Observation",1,"2022-04-07 20:33:25","2022-04-07 20:33:25",0,0.416666666666667
"371","3DD.003DE66186",1,1,"Observation",1,"2022-04-07 22:24:48","2022-04-07 22:24:48",0,NA
"372","3DD.003DE66186",2,2,"Observation",3,"2022-04-07 22:25:06","2022-04-08 00:41:02",135.933333333333,0.3
"373","3DD.003DE66188",1,1,"Observation",1,"2022-04-08 20:00:53","2022-04-08 20:00:53",0,NA
"374","3DD.003DE66188",2,2,"Observation",1,"2022-04-08 20:01:10","2022-04-08 20:01:10",0,0.283333333333333
"375","3DD.003DE66189",1,1,"Observation",1,"2022-04-06 20:09:45","2022-04-06 20:09:45",0,NA
"376","3DD.003DE66189",2,2,"Observation",1,"2022-04-06 20:10:01","2022-04-06 20:10:01",0,0.266666666666667
"377","3DD.003DE6618A",1,1,"Observation",1,"2022-04-08 20:00:27","2022-04-08 20:00:27",0,NA
"378","3DD.003DE6618A",2,2,"Observation",2,"2022-04-08 20:00:46","2022-04-08 23:08:00",187.233333333333,0.316666666666667
"379","3DD.003DE6618A",1,3,"Observation",1,"2022-04-08 23:11:30","2022-04-08 23:11:30",0,3.5
"380","3DD.003DE6618B",1,1,"Observation",1,"2022-04-06 19:32:23","2022-04-06 19:32:23",0,NA
"381","3DD.003DE6618B",2,2,"Observation",3,"2022-04-06 19:32:50","2022-04-06 20:29:20",56.5,0.45
"382","3DD.003DE6618C",1,1,"Observation",1,"2022-04-08 20:08:59","2022-04-08 20:08:59",0,NA
"383","3DD.003DE6618C",2,2,"Observation",1,"2022-04-08 20:09:18","2022-04-08 20:09:18",0,0.316666666666667
"384","3DD.003DE6618D",1,1,"Observation",1,"2022-04-06 20:08:41","2022-04-06 20:08:41",0,NA
"385","3DD.003DE6618D",2,2,"Observation",1,"2022-04-06 20:09:02","2022-04-06 20:09:02",0,0.35
"386","3DD.003DE6618F",1,1,"Observation",1,"2022-04-08 20:14:37","2022-04-08 20:14:37",0,NA
"387","3DD.003DE6618F",2,2,"Observation",1,"2022-04-08 20:14:56","2022-04-08 20:14:56",0,0.316666666666667
"388","3DD.003DE66196",1,1,"Observation",1,"2022-04-06 19:25:41","2022-04-06 19:25:41",0,NA
"389","3DD.003DE66196",2,2,"Observation",1,"2022-04-06 19:26:03","2022-04-06 19:26:03",0,0.366666666666667
"390","3DD.003DE66198",1,1,"Observation",1,"2022-04-07 21:39:55","2022-04-07 21:39:55",0,NA
"391","3DD.003DE66198",2,2,"Observation",1,"2022-04-07 21:40:15","2022-04-07 21:40:15",0,0.333333333333333
"392","3DD.003DE66199",1,1,"Observation",1,"2022-04-09 18:49:12","2022-04-09 18:49:12",0,NA
"393","3DD.003DE66199",2,2,"Observation",1,"2022-04-09 18:49:32","2022-04-09 18:49:32",0,0.333333333333333
"394","3DD.003DE6619B",1,1,"Observation",1,"2022-04-10 20:19:41","2022-04-10 20:19:41",0,NA
"395","3DD.003DE6619B",2,2,"Observation",1,"2022-04-10 20:19:59","2022-04-10 20:19:59",0,0.3
"396","3DD.003DE6619C",1,1,"Observation",1,"2022-04-09 19:09:25","2022-04-09 19:09:25",0,NA
"397","3DD.003DE6619C",2,2,"Observation",1,"2022-04-09 19:09:45","2022-04-09 19:09:45",0,0.333333333333333
"398","3DD.003DE6619E",1,1,"Observation",1,"2022-04-07 20:08:12","2022-04-07 20:08:12",0,NA
"399","3DD.003DE6619E",2,2,"Observation",1,"2022-04-07 20:08:32","2022-04-07 20:08:32",0,0.333333333333333
"400","3DD.003DE661AA",16,1,"Observation",1,"2022-04-06 18:58:07","2022-04-06 18:58:07",0,NA
"401","3DD.003DE661AA",17,2,"Observation",1,"2022-04-06 18:58:39","2022-04-06 18:58:39",0,0.533333333333333
"402","3DD.003DE661AA",18,3,"Observation",1,"2022-04-06 19:37:25","2022-04-06 19:37:25",0,38.7666666666667
"403","3DD.003DE661AB",1,1,"Observation",1,"2022-04-06 20:40:37","2022-04-06 20:40:37",0,NA
"404","3DD.003DE661AB",2,2,"Observation",1,"2022-04-06 20:40:58","2022-04-06 20:40:58",0,0.35
"405","3DD.003DE661AC",1,1,"Observation",1,"2022-04-07 20:20:14","2022-04-07 20:20:14",0,NA
"406","3DD.003DE661AC",2,2,"Observation",1,"2022-04-07 20:20:39","2022-04-07 20:20:39",0,0.416666666666667
"407","3DD.003DE661AF",1,1,"Observation",1,"2022-04-07 19:54:30","2022-04-07 19:54:30",0,NA
"408","3DD.003DE661AF",2,2,"Observation",1,"2022-04-07 19:54:53","2022-04-07 19:54:53",0,0.383333333333333
"409","3DD.003DE661B2",1,1,"Observation",1,"2022-04-06 20:03:00","2022-04-06 20:03:00",0,NA
"410","3DD.003DE661B2",2,2,"Observation",1,"2022-04-06 20:03:25","2022-04-06 20:03:25",0,0.416666666666667
"411","3DD.003DE661B3",1,1,"Observation",1,"2022-04-06 19:30:21","2022-04-06 19:30:21",0,NA
"412","3DD.003DE661B3",2,2,"Observation",1,"2022-04-06 19:30:39","2022-04-06 19:30:39",0,0.3
"413","3DD.003DE661B4",1,1,"Observation",1,"2022-04-07 20:08:48","2022-04-07 20:08:48",0,NA
"414","3DD.003DE661B4",2,2,"Observation",1,"2022-04-07 20:09:06","2022-04-07 20:09:06",0,0.3
"415","3DD.003DE661B6",1,1,"Observation",1,"2022-04-08 19:44:26","2022-04-08 19:44:26",0,NA
"416","3DD.003DE661B6",2,2,"Observation",1,"2022-04-08 19:44:46","2022-04-08 19:44:46",0,0.333333333333333
"417","3DD.003DE661B9",1,1,"Observation",1,"2022-04-07 23:33:55","2022-04-07 23:33:55",0,NA
"418","3DD.003DE661B9",2,2,"Observation",1,"2022-04-07 23:34:24","2022-04-07 23:34:24",0,0.483333333333333
"419","3DD.003DE661BB",1,1,"Observation",1,"2022-04-06 19:59:31","2022-04-06 19:59:31",0,NA
"420","3DD.003DE661BB",2,2,"Observation",1,"2022-04-06 19:59:56","2022-04-06 19:59:56",0,0.416666666666667
"421","3DD.003DE661BC",1,1,"Observation",1,"2022-04-09 19:24:21","2022-04-09 19:24:21",0,NA
"422","3DD.003DE661BC",2,2,"Observation",1,"2022-04-09 19:24:42","2022-04-09 19:24:42",0,0.35
"423","3DD.003DE661BD",1,1,"Observation",1,"2022-04-06 19:39:12","2022-04-06 19:39:12",0,NA
"424","3DD.003DE661BD",2,2,"Observation",1,"2022-04-06 19:39:37","2022-04-06 19:39:37",0,0.416666666666667
"425","3DD.003DE661BE",1,1,"Observation",2,"2022-04-06 19:49:08","2022-04-06 19:51:48",2.66666666666667,NA
"426","3DD.003DE661BE",2,2,"Observation",1,"2022-04-06 19:52:30","2022-04-06 19:52:30",0,0.7
"427","3DD.003DE661BF",1,1,"Observation",1,"2022-04-14 19:51:13","2022-04-14 19:51:13",0,NA
"428","3DD.003DE661BF",2,2,"Observation",1,"2022-04-14 19:51:34","2022-04-14 19:51:34",0,0.35
"429","3DD.003DE661C0",1,1,"Observation",1,"2022-04-07 20:25:31","2022-04-07 20:25:31",0,NA
"430","3DD.003DE661C0",2,2,"Observation",1,"2022-04-07 20:25:51","2022-04-07 20:25:51",0,0.333333333333333
"431","3DD.003DE661C1",1,1,"Observation",1,"2022-04-08 19:50:47","2022-04-08 19:50:47",0,NA
"432","3DD.003DE661C1",2,2,"Observation",194,"2022-04-08 19:51:07","2022-04-26 00:46:36",24775.4833333333,0.333333333333333
"433","3DD.003DE661C4",1,1,"Observation",1,"2022-04-08 19:35:44","2022-04-08 19:35:44",0,NA
"434","3DD.003DE661C4",2,2,"Observation",1,"2022-04-08 19:36:06","2022-04-08 19:36:06",0,0.366666666666667
"435","3DD.003DE661C9",1,1,"Observation",1,"2022-04-06 19:13:49","2022-04-06 19:13:49",0,NA
"436","3DD.003DE661C9",2,2,"Observation",1,"2022-04-06 19:14:21","2022-04-06 19:14:21",0,0.533333333333333
"437","3DD.003DE661CB",1,1,"Observation",1,"2022-04-08 23:59:43","2022-04-08 23:59:43",0,NA
"438","3DD.003DE661CB",2,2,"Observation",2,"2022-04-09 00:00:08","2022-04-21 20:51:49",18531.6833333333,0.416666666666667
"439","3DD.003DE661CB",1,3,"Observation",1,"2022-04-21 21:00:38","2022-04-21 21:00:38",0,8.81666666666667
"440","3DD.003DE661CD",1,1,"Observation",1,"2022-04-06 21:07:50","2022-04-06 21:07:50",0,NA
"441","3DD.003DE661CD",2,2,"Observation",1,"2022-04-06 21:08:11","2022-04-06 21:08:11",0,0.35
"442","3DD.003DE661CF",1,1,"Observation",1,"2022-04-06 19:19:18","2022-04-06 19:19:18",0,NA
"443","3DD.003DE661CF",2,2,"Observation",1,"2022-04-06 19:19:39","2022-04-06 19:19:39",0,0.35
"444","3DD.003DE661D0",1,1,"Observation",8,"2022-04-07 20:11:50","2022-04-07 20:18:55",7.08333333333333,NA
"445","3DD.003DE661D0",2,2,"Observation",1,"2022-04-07 20:19:47","2022-04-07 20:19:47",0,0.866666666666667
"446","3DD.003DE661D1",1,1,"Observation",1,"2022-04-06 20:24:44","2022-04-06 20:24:44",0,NA
"447","3DD.003DE661D1",2,2,"Observation",1,"2022-04-06 20:25:11","2022-04-06 20:25:11",0,0.45
"448","3DD.003DE661D4",18,1,"Observation",1,"2022-04-20 19:53:50","2022-04-20 19:53:50",0,NA
"449","3DD.003DE661D8",1,1,"Observation",1,"2022-04-07 20:46:47","2022-04-07 20:46:47",0,NA
"450","3DD.003DE661D8",2,2,"Observation",2,"2022-04-07 20:47:07","2022-04-09 03:54:43",1867.6,0.333333333333333
"451","3DD.003DE661D8",1,3,"Observation",1,"2022-04-09 04:06:39","2022-04-09 04:06:39",0,11.9333333333333
"452","3DD.003DE661EB",1,1,"Observation",73,"2022-04-29 20:21:10","2022-04-29 20:21:12",0.0333333333333333,NA
"453","3DD.003DE661EB",2,2,"Observation",22,"2022-04-29 20:21:38","2022-04-29 20:21:39",0.0166666666666667,0.433333333333333
"454","3DD.003DE661EE",1,1,"Observation",8,"2022-04-30 19:32:02","2022-04-30 19:32:03",0.0166666666666667,NA
"455","3DD.003DE661EE",2,2,"Observation",47,"2022-04-30 19:32:15","2022-04-30 19:32:17",0.0333333333333333,0.2
"456","3DD.003DE661FA",1,1,"Observation",39,"2022-04-29 19:38:59","2022-04-29 19:39:01",0.0333333333333333,NA
"457","3DD.003DE661FA",2,2,"Observation",27,"2022-04-29 19:39:21","2022-04-29 19:39:22",0.0166666666666667,0.333333333333333
"458","3DD.003DE6620A",1,1,"Observation",68,"2022-04-29 20:02:56","2022-04-29 20:02:58",0.0333333333333333,NA
"459","3DD.003DE6620A",2,2,"Observation",21,"2022-04-29 20:03:18","2022-04-29 20:03:18",0,0.333333333333333
"460","3DD.003DE66215",1,1,"Observation",46,"2022-04-28 20:48:30","2022-04-28 20:48:33",0.05,NA
"461","3DD.003DE66215",2,2,"Observation",17,"2022-04-28 20:48:55","2022-04-28 20:48:56",0.0166666666666667,0.366666666666667
"462","3DD.003DE66221",1,1,"Observation",75,"2022-04-29 20:20:42","2022-04-29 20:20:45",0.05,NA
"463","3DD.003DE66221",2,2,"Observation",207,"2022-04-29 20:21:00","2022-04-30 23:12:00",1611,0.25
"464","3DD.003DE66221",1,3,"Observation",713,"2022-04-30 23:21:24","2022-04-30 23:30:07",8.71666666666667,9.4
"465","3DD.003DE6637A",1,1,"Observation",1,"2022-03-30 18:48:49","2022-03-30 18:48:49",0,NA
"466","3DD.003DE6637A",2,2,"Observation",2,"2022-03-30 18:51:12","2022-03-31 00:25:21",334.15,2.38333333333333
"467","3DD.003DE6637A",1,3,"Observation",1,"2022-03-31 00:31:48","2022-03-31 00:31:48",0,6.45
"468","3DD.003DE66380",1,1,"Observation",1,"2022-03-30 20:14:21","2022-03-30 20:14:21",0,NA
"469","3DD.003DE66380",2,2,"Observation",1,"2022-03-30 20:14:51","2022-03-30 20:14:51",0,0.5
"470","3DD.003DE66386",1,1,"Observation",1,"2022-03-29 19:43:03","2022-03-29 19:43:03",0,NA
"471","3DD.003DE66386",2,2,"Observation",5,"2022-03-29 19:43:36","2022-03-30 22:04:10",1580.56666666667,0.55
"472","3DD.003DE66386",1,3,"Observation",2,"2022-03-30 22:24:50","2022-03-30 22:27:33",2.71666666666667,20.6666666666667
"473","3DD.003DE66386",2,4,"Observation",3,"2022-03-30 22:28:07","2022-03-31 01:37:16",189.15,0.566666666666667
"474","3DD.003DE66389",1,1,"Observation",1,"2022-03-27 19:06:05","2022-03-27 19:06:05",0,NA
"475","3DD.003DE66389",2,2,"Observation",1,"2022-03-27 19:06:31","2022-03-27 19:06:31",0,0.433333333333333
"476","3DD.003DE6638D",1,1,"Observation",1,"2022-03-30 20:19:27","2022-03-30 20:19:27",0,NA
"477","3DD.003DE6638D",2,2,"Observation",1,"2022-03-30 20:19:45","2022-03-30 20:19:45",0,0.3
"478","3DD.003DE66396",1,1,"Observation",45,"2022-04-27 23:34:13","2022-04-27 23:34:14",0.0166666666666667,NA
"479","3DD.003DE66396",2,2,"Observation",30,"2022-04-27 23:34:29","2022-04-27 23:34:30",0.0166666666666667,0.25
"480","3DD.003DE663A0",1,1,"Observation",1,"2022-03-31 20:01:34","2022-03-31 20:01:34",0,NA
"481","3DD.003DE663A0",2,2,"Observation",1,"2022-03-31 20:01:56","2022-03-31 20:01:56",0,0.366666666666667
"482","3DD.003DE663A1",1,1,"Observation",6,"2022-03-28 10:57:41","2022-03-28 11:02:50",5.15,NA
"483","3DD.003DE663A1",2,2,"Observation",10,"2022-03-28 11:05:18","2022-03-28 11:28:20",23.0333333333333,2.46666666666667
"484","3DD.003DE663A1",1,3,"Observation",3,"2022-03-28 12:20:09","2022-03-28 12:24:10",4.01666666666667,51.8166666666667
"485","3DD.003DE663A2",1,1,"Observation",1,"2022-03-28 19:32:16","2022-03-28 19:32:16",0,NA
"486","3DD.003DE663A2",2,2,"Observation",1,"2022-03-28 19:32:34","2022-03-28 19:32:34",0,0.3
"487","3DD.003DE663A3",1,1,"Observation",1,"2022-03-25 19:12:17","2022-03-25 19:12:17",0,NA
"488","3DD.003DE663A3",2,2,"Observation",1,"2022-03-25 19:12:37","2022-03-25 19:12:37",0,0.333333333333333
"489","3DD.003DE663B2",9,1,"Observation",1,"2022-03-27 23:23:14","2022-03-27 23:23:14",0,NA
"490","3DD.003DE663B2",10,2,"Observation",4,"2022-03-27 23:24:36","2022-03-27 23:43:32",18.9333333333333,1.36666666666667
"491","3DD.003DE663B2",9,3,"Observation",2,"2022-03-27 23:47:05","2022-03-27 23:49:32",2.45,3.55
"492","3DD.003DE663B2",10,4,"Observation",1,"2022-03-27 23:50:21","2022-03-27 23:50:21",0,0.816666666666667
"493","3DD.003DE663B2",11,5,"Observation",1,"2022-03-28 00:14:51","2022-03-28 00:14:51",0,24.5
"494","3DD.003DE663B2",1,6,"Observation",1,"2022-03-28 00:16:32","2022-03-28 00:16:32",0,1.68333333333333
"495","3DD.003DE663BB",1,1,"Observation",1,"2022-03-26 19:26:51","2022-03-26 19:26:51",0,NA
"496","3DD.003DE663BB",2,2,"Observation",1,"2022-03-26 19:27:07","2022-03-26 19:27:07",0,0.266666666666667
"497","3DD.003DE663BC",1,1,"Observation",1,"2022-03-30 21:12:10","2022-03-30 21:12:10",0,NA
"498","3DD.003DE663BC",2,2,"Observation",1,"2022-03-30 21:12:28","2022-03-30 21:12:28",0,0.3
"499","3DD.003DE663BD",1,1,"Observation",1,"2022-03-26 19:49:44","2022-03-26 19:49:44",0,NA
"500","3DD.003DE663BD",2,2,"Observation",1,"2022-03-26 19:53:25","2022-03-26 19:53:25",0,3.68333333333333
"501","3DD.003DE663BE",1,1,"Observation",1,"2022-03-27 20:01:47","2022-03-27 20:01:47",0,NA
"502","3DD.003DE663BE",2,2,"Observation",1,"2022-03-27 20:02:06","2022-03-27 20:02:06",0,0.316666666666667
"503","3DD.003DE663C7",1,1,"Observation",1,"2022-03-27 19:13:26","2022-03-27 19:13:26",0,NA
"504","3DD.003DE663C7",2,2,"Observation",5,"2022-03-27 19:13:47","2022-03-29 23:39:04",3145.28333333333,0.35
"505","3DD.003DE663CB",1,1,"Observation",1,"2022-03-24 19:05:35","2022-03-24 19:05:35",0,NA
"506","3DD.003DE663CB",2,2,"Observation",1,"2022-03-24 19:05:53","2022-03-24 19:05:53",0,0.3
"507","3DD.003DE663CC",1,1,"Observation",1,"2022-03-31 19:49:33","2022-03-31 19:49:33",0,NA
"508","3DD.003DE663CC",2,2,"Observation",1,"2022-03-31 19:49:54","2022-03-31 19:49:54",0,0.35
"509","3DD.003DE663D0",7,1,"Observation",7728,"2022-04-28 06:38:08","2022-04-28 12:34:36",356.466666666667,NA
"510","3DD.003DE663E2",1,1,"Observation",1,"2022-04-20 20:48:24","2022-04-20 20:48:24",0,NA
"511","3DD.003DE663E2",2,2,"Observation",1,"2022-04-20 20:48:43","2022-04-20 20:48:43",0,0.316666666666667
"512","3DD.003DE663F9",1,1,"Observation",1,"2022-04-23 19:54:01","2022-04-23 19:54:01",0,NA
"513","3DD.003DE663F9",2,2,"Observation",1,"2022-04-23 19:54:20","2022-04-23 19:54:20",0,0.316666666666667
"514","3DD.003DE663FA",1,1,"Observation",1,"2022-04-20 20:08:35","2022-04-20 20:08:35",0,NA
"515","3DD.003DE663FA",2,2,"Observation",2,"2022-04-20 20:08:49","2022-04-21 22:12:14",1563.41666666667,0.233333333333333
"516","3DD.003DE663FA",1,3,"Observation",1,"2022-04-21 22:14:14","2022-04-21 22:14:14",0,2
"517","3DD.003DE663FB",1,1,"Observation",1,"2022-04-20 20:30:19","2022-04-20 20:30:19",0,NA
"518","3DD.003DE663FB",2,2,"Observation",1,"2022-04-20 20:30:42","2022-04-20 20:30:42",0,0.383333333333333
"519","3DD.003DE66406",1,1,"Observation",1,"2022-04-21 20:19:12","2022-04-21 20:19:12",0,NA
"520","3DD.003DE66406",2,2,"Observation",1,"2022-04-21 20:19:32","2022-04-21 20:19:32",0,0.333333333333333
"521","3DD.003DE6640F",1,1,"Observation",1,"2022-04-20 19:49:22","2022-04-20 19:49:22",0,NA
"522","3DD.003DE6640F",2,2,"Observation",4,"2022-04-20 19:49:40","2022-04-20 23:02:22",192.7,0.3
"523","3DD.003DE6640F",1,3,"Observation",1,"2022-04-20 23:06:37","2022-04-20 23:06:37",0,4.25
"524","3DD.003DE66426",16,1,"Observation",2,"2022-04-22 13:14:18","2022-04-22 18:32:40",318.366666666667,NA
"525","3DD.003DE66426",17,2,"Observation",1,"2022-04-22 18:39:27","2022-04-22 18:39:27",0,6.78333333333333
"526","3DD.003DE66426",18,3,"Observation",1,"2022-04-22 19:36:06","2022-04-22 19:36:06",0,56.65
"527","3DD.003DE6642C",1,1,"Observation",1,"2022-04-23 19:39:37","2022-04-23 19:39:37",0,NA
"528","3DD.003DE6642C",2,2,"Observation",2,"2022-04-23 19:39:57","2022-04-25 03:00:41",1880.73333333333,0.333333333333333
"529","3DD.003DE6642C",1,3,"Observation",35,"2022-04-25 03:03:41","2022-04-25 20:54:07",1070.43333333333,3
"530","3DD.003DE6642C",2,4,"Observation",1019,"2022-04-25 20:54:50","2022-04-25 21:34:23",39.55,0.716666666666667
"531","3DD.003DE6642C",1,5,"Observation",163,"2022-04-25 21:37:30","2022-04-25 21:39:36",2.1,3.11666666666667
"532","3DD.003DE6642C",2,6,"Observation",1267,"2022-04-25 21:44:59","2022-04-25 21:58:15",13.2666666666667,5.38333333333333
"533","3DD.003DE6642C",1,7,"Observation",191,"2022-04-25 22:00:51","2022-04-25 22:00:57",0.1,2.6
"534","3DD.003DE6656C",1,1,"Observation",1,"2022-04-10 19:52:00","2022-04-10 19:52:00",0,NA
"535","3DD.003DE6656C",2,2,"Observation",1,"2022-04-10 19:52:21","2022-04-10 19:52:21",0,0.35
"536","3DD.003DE66574",1,1,"Observation",1,"2022-04-10 19:36:16","2022-04-10 19:36:16",0,NA
"537","3DD.003DE66574",2,2,"Observation",1,"2022-04-10 19:36:44","2022-04-10 19:36:44",0,0.466666666666667
"538","3DD.003DE66575",1,1,"Observation",1,"2022-04-09 19:29:07","2022-04-09 19:29:07",0,NA
"539","3DD.003DE66575",2,2,"Observation",1,"2022-04-09 19:29:25","2022-04-09 19:29:25",0,0.3
"540","3DD.003DE66578",1,1,"Observation",1,"2022-04-10 20:19:18","2022-04-10 20:19:18",0,NA
"541","3DD.003DE66578",2,2,"Observation",1,"2022-04-10 20:19:36","2022-04-10 20:19:36",0,0.3
"542","3DD.003DE66579",1,1,"Observation",1,"2022-04-11 20:07:35","2022-04-11 20:07:35",0,NA
"543","3DD.003DE66579",2,2,"Observation",1,"2022-04-11 20:07:51","2022-04-11 20:07:51",0,0.266666666666667
"544","3DD.003DE6657C",1,1,"Observation",1,"2022-04-10 19:57:16","2022-04-10 19:57:16",0,NA
"545","3DD.003DE6657D",1,1,"Observation",1,"2022-04-09 19:28:22","2022-04-09 19:28:22",0,NA
"546","3DD.003DE6657D",2,2,"Observation",3,"2022-04-09 19:28:38","2022-04-10 01:19:33",350.916666666667,0.266666666666667
"547","3DD.003DE66582",1,1,"Observation",1,"2022-04-09 19:41:36","2022-04-09 19:41:36",0,NA
"548","3DD.003DE66582",2,2,"Observation",1,"2022-04-09 19:41:57","2022-04-09 19:41:57",0,0.35
"549","3DD.003DE66583",1,1,"Observation",1,"2022-04-08 20:19:30","2022-04-08 20:19:30",0,NA
"550","3DD.003DE66583",2,2,"Observation",1,"2022-04-08 20:19:49","2022-04-08 20:19:49",0,0.316666666666667
"551","3DD.003DE66585",1,1,"Observation",1,"2022-04-09 19:47:16","2022-04-09 19:47:16",0,NA
"552","3DD.003DE66585",2,2,"Observation",1,"2022-04-09 19:47:37","2022-04-09 19:47:37",0,0.35
"553","3DD.003DE66589",1,1,"Observation",1,"2022-04-09 19:37:58","2022-04-09 19:37:58",0,NA
"554","3DD.003DE66589",2,2,"Observation",1,"2022-04-09 19:38:13","2022-04-09 19:38:13",0,0.25
"555","3DD.003DE66590",1,1,"Observation",1,"2022-04-10 19:44:39","2022-04-10 19:44:39",0,NA
"556","3DD.003DE66590",2,2,"Observation",2,"2022-04-10 19:44:57","2022-04-12 00:36:56",1731.98333333333,0.3
"557","3DD.003DE66590",1,3,"Observation",2,"2022-04-12 20:23:10","2022-04-12 20:24:35",1.41666666666667,1186.23333333333
"558","3DD.003DE66590",2,4,"Observation",3,"2022-04-12 20:34:54","2022-04-12 21:10:11",35.2833333333333,10.3166666666667
"559","3DD.003DE66590",1,5,"Observation",3,"2022-04-12 21:11:37","2022-04-12 21:41:13",29.6,1.43333333333333
"560","3DD.003DE66591",1,1,"Observation",1,"2022-04-09 19:20:42","2022-04-09 19:20:42",0,NA
"561","3DD.003DE66591",2,2,"Observation",1,"2022-04-09 19:20:57","2022-04-09 19:20:57",0,0.25
"562","3DD.003DE66592",1,1,"Observation",1,"2022-04-08 20:35:11","2022-04-08 20:35:11",0,NA
"563","3DD.003DE66592",2,2,"Observation",1,"2022-04-08 20:35:31","2022-04-08 20:35:31",0,0.333333333333333
"564","3DD.003DE66596",1,1,"Observation",1,"2022-04-11 19:41:02","2022-04-11 19:41:02",0,NA
"565","3DD.003DE66596",2,2,"Observation",1,"2022-04-11 19:41:21","2022-04-11 19:41:21",0,0.316666666666667
"566","3DD.003DE66599",1,1,"Observation",1,"2022-04-10 19:44:15","2022-04-10 19:44:15",0,NA
"567","3DD.003DE66599",2,2,"Observation",1,"2022-04-10 19:44:41","2022-04-10 19:44:41",0,0.433333333333333
"568","3DD.003DE6659D",1,1,"Observation",1,"2022-04-10 20:06:36","2022-04-10 20:06:36",0,NA
"569","3DD.003DE6659D",2,2,"Observation",1,"2022-04-10 20:06:53","2022-04-10 20:06:53",0,0.283333333333333
"570","3DD.003DE6659F",1,1,"Observation",1,"2022-04-11 22:16:36","2022-04-11 22:16:36",0,NA
"571","3DD.003DE665A7",1,1,"Observation",1,"2022-04-10 19:10:26","2022-04-10 19:10:26",0,NA
"572","3DD.003DE665A7",2,2,"Observation",1,"2022-04-10 19:10:46","2022-04-10 19:10:46",0,0.333333333333333
"573","3DD.003DE665A9",1,1,"Observation",1,"2022-04-08 20:03:33","2022-04-08 20:03:33",0,NA
"574","3DD.003DE665A9",2,2,"Observation",1,"2022-04-08 20:03:53","2022-04-08 20:03:53",0,0.333333333333333
"575","3DD.003DE665B6",1,1,"Observation",1,"2022-04-11 19:24:00","2022-04-11 19:24:00",0,NA
"576","3DD.003DE665B6",2,2,"Observation",1,"2022-04-11 19:24:25","2022-04-11 19:24:25",0,0.416666666666667
"577","3DD.003DE665B7",1,1,"Observation",1,"2022-04-10 19:13:45","2022-04-10 19:13:45",0,NA
"578","3DD.003DE665B7",2,2,"Observation",2,"2022-04-10 19:13:58","2022-04-12 00:36:57",1762.98333333333,0.216666666666667
"579","3DD.003DE665B7",1,3,"Observation",3,"2022-04-12 00:38:49","2022-04-12 20:24:30",1185.68333333333,1.86666666666667
"580","3DD.003DE665B7",2,4,"Observation",2,"2022-04-12 20:57:13","2022-04-12 21:10:07",12.9,32.7166666666667
"581","3DD.003DE665B7",1,5,"Observation",2,"2022-04-12 21:11:36","2022-04-12 21:41:22",29.7666666666667,1.48333333333333
"582","3DD.003DE665B9",1,1,"Observation",1,"2022-04-08 19:59:58","2022-04-08 19:59:58",0,NA
"583","3DD.003DE665B9",2,2,"Observation",1,"2022-04-08 20:00:13","2022-04-08 20:00:13",0,0.25
"584","3DD.003DE665BF",1,1,"Observation",1,"2022-04-09 19:09:33","2022-04-09 19:09:33",0,NA
"585","3DD.003DE665BF",2,2,"Observation",2,"2022-04-09 19:09:54","2022-04-09 19:59:42",49.8,0.35
"586","3DD.003DE665BF",1,3,"Observation",2,"2022-04-09 20:04:10","2022-04-09 20:09:46",5.6,4.46666666666667
"587","3DD.003DE665BF",2,4,"Observation",5,"2022-04-09 20:10:11","2022-04-09 23:43:11",213,0.416666666666667
"588","3DD.003DE665BF",1,5,"Observation",1,"2022-04-09 23:49:24","2022-04-09 23:49:24",0,6.21666666666667
"589","3DD.003DE665C0",1,1,"Observation",7,"2022-04-11 19:15:27","2022-04-11 19:21:26",5.98333333333333,NA
"590","3DD.003DE665C0",2,2,"Observation",1,"2022-04-11 19:22:03","2022-04-11 19:22:03",0,0.616666666666667
"591","3DD.003DE665C4",16,1,"Observation",1,"2022-04-10 12:41:06","2022-04-10 12:41:06",0,NA
"592","3DD.003DE665C4",17,2,"Observation",1,"2022-04-10 12:41:45","2022-04-10 12:41:45",0,0.65
"593","3DD.003DE665C4",18,3,"Observation",1,"2022-04-10 19:09:49","2022-04-10 19:09:49",0,388.066666666667
"594","3DD.003DE665CF",1,1,"Observation",1,"2022-04-24 19:36:20","2022-04-24 19:36:20",0,NA
"595","3DD.003DE665CF",2,2,"Observation",1,"2022-04-24 19:36:37","2022-04-24 19:36:37",0,0.283333333333333
"596","3DD.003DE665E1",1,1,"Observation",1,"2022-04-23 13:11:34","2022-04-23 13:11:34",0,NA
"597","3DD.003DE665E1",2,2,"Observation",1,"2022-04-23 13:11:52","2022-04-23 13:11:52",0,0.3
"598","3DD.003DE665E2",1,1,"Observation",98,"2022-04-27 20:28:31","2022-04-27 20:28:34",0.05,NA
"599","3DD.003DE665E2",2,2,"Observation",36,"2022-04-27 20:28:48","2022-04-27 20:28:49",0.0166666666666667,0.233333333333333
"600","3DD.003DE665E8",1,1,"Observation",1,"2022-04-24 20:22:53","2022-04-24 20:22:53",0,NA
"601","3DD.003DE665E8",2,2,"Observation",1,"2022-04-24 20:23:13","2022-04-24 20:23:13",0,0.333333333333333
"602","3DD.003DE665EC",1,1,"Observation",29,"2022-04-27 20:30:56","2022-04-27 20:30:58",0.0333333333333333,NA
"603","3DD.003DE665EC",2,2,"Observation",32,"2022-04-27 20:31:14","2022-04-27 20:31:15",0.0166666666666667,0.266666666666667
"604","3DD.003DE665F2",1,1,"Observation",38,"2022-04-26 20:37:20","2022-04-26 20:37:21",0.0166666666666667,NA
"605","3DD.003DE665F2",2,2,"Observation",273,"2022-04-26 20:37:38","2022-04-27 01:11:03",273.416666666667,0.283333333333333
"606","3DD.003DE665F2",1,3,"Observation",349,"2022-04-27 01:16:43","2022-04-27 01:16:56",0.216666666666667,5.66666666666667
"607","3DD.003DE665F3",1,1,"Observation",11,"2022-04-26 20:11:06","2022-04-26 20:11:06",0,NA
"608","3DD.003DE665F3",2,2,"Observation",27,"2022-04-26 20:11:34","2022-04-26 20:11:35",0.0166666666666667,0.466666666666667
"609","3DD.003DE665FA",1,1,"Observation",49,"2022-04-25 20:32:00","2022-04-25 20:32:03",0.05,NA
"610","3DD.003DE665FA",2,2,"Observation",2388,"2022-04-25 20:32:18","2022-04-25 20:40:09",7.85,0.25
"611","3DD.003DE665FB",1,1,"Observation",82,"2022-04-28 22:43:43","2022-04-28 22:43:47",0.0666666666666667,NA
"612","3DD.003DE665FB",2,2,"Observation",40,"2022-04-28 22:44:09","2022-04-28 22:44:11",0.0333333333333333,0.366666666666667
"613","3DD.003DE66602",1,1,"Observation",48,"2022-04-25 20:26:55","2022-04-25 20:26:56",0.0166666666666667,NA
"614","3DD.003DE66602",2,2,"Observation",32,"2022-04-25 20:27:10","2022-04-25 20:27:11",0.0166666666666667,0.233333333333333
"615","3DD.003DE6660C",1,1,"Observation",81,"2022-04-25 19:56:11","2022-04-25 19:56:14",0.05,NA
"616","3DD.003DE6660C",2,2,"Observation",53,"2022-04-25 19:56:29","2022-04-25 19:56:31",0.0333333333333333,0.25
"617","3DD.003DE66611",1,1,"Observation",32,"2022-04-27 20:32:37","2022-04-27 20:32:38",0.0166666666666667,NA
"618","3DD.003DE66611",2,2,"Observation",29,"2022-04-27 20:32:49","2022-04-27 20:32:50",0.0166666666666667,0.183333333333333
"619","3DD.003DE6661B",1,1,"Observation",75,"2022-04-28 20:21:29","2022-04-28 20:21:32",0.05,NA
"620","3DD.003DE6661B",2,2,"Observation",2,"2022-04-28 20:21:52","2022-04-28 20:21:53",0.0166666666666667,0.333333333333333
"621","3DD.003DE6661C",1,1,"Observation",1,"2022-04-24 19:57:54","2022-04-24 19:57:54",0,NA
"622","3DD.003DE6661C",2,2,"Observation",1,"2022-04-24 19:58:16","2022-04-24 19:58:16",0,0.366666666666667
"623","3DD.003DE6661E",1,1,"Observation",41,"2022-04-27 19:41:11","2022-04-27 19:41:13",0.0333333333333333,NA
"624","3DD.003DE6661E",2,2,"Observation",21,"2022-04-27 19:41:26","2022-04-27 19:41:27",0.0166666666666667,0.216666666666667
"625","3DD.003DE66624",1,1,"Observation",61,"2022-04-27 20:13:07","2022-04-27 20:13:09",0.0333333333333333,NA
"626","3DD.003DE66624",2,2,"Observation",33,"2022-04-27 20:13:25","2022-04-27 20:13:26",0.0166666666666667,0.266666666666667
"627","3DD.003DE66F2F",1,1,"Observation",1,"2022-03-31 21:00:00","2022-03-31 21:00:00",0,NA
"628","3DD.003DE66F2F",2,2,"Observation",1,"2022-03-31 21:00:28","2022-03-31 21:00:28",0,0.466666666666667
"629","3DD.003DE66F4B",1,1,"Observation",1,"2022-04-06 20:21:59","2022-04-06 20:21:59",0,NA
"630","3DD.003DE66F4B",2,2,"Observation",1,"2022-04-06 20:22:18","2022-04-06 20:22:18",0,0.316666666666667
"631","3DD.003DE66F56",1,1,"Observation",1,"2022-04-06 20:43:07","2022-04-06 20:43:07",0,NA
"632","3DD.003DE66F56",2,2,"Observation",1,"2022-04-06 20:43:28","2022-04-06 20:43:28",0,0.35
"633","3DD.003E04BACE",1,1,"Observation",43,"2022-01-21 23:36:24","2022-03-03 06:39:11",58022.7833333333,NA
"634","3DD.00775F673D",1,1,"Observation",24,"2022-04-27 23:58:15","2022-04-27 23:58:16",0.0166666666666667,NA
"635","3DD.00775F673D",2,2,"Observation",69,"2022-04-27 23:58:38","2022-04-28 20:34:40",1236.03333333333,0.366666666666667
"636","3DD.00775F673D",1,3,"Observation",95,"2022-04-28 20:36:13","2022-04-28 20:36:16",0.05,1.55
"637","3DD.00776276EF",1,1,"Observation",2,"2022-01-23 02:26:53","2022-01-23 02:35:53",9,NA
"638","3DD.00776276EF",2,2,"Observation",2,"2022-01-23 02:36:01","2022-01-23 02:59:20",23.3166666666667,0.133333333333333
"639","3DD.00776276EF",1,3,"Observation",1,"2022-01-23 03:00:57","2022-01-23 03:00:57",0,1.61666666666667
"640","3DD.007779DB13",18,1,"Observation",2,"2022-03-19 19:10:10","2022-03-19 19:16:28",6.3,NA
"641","3DD.0077AF9709",1,1,"Observation",1,"2022-02-22 18:21:33","2022-02-22 18:21:33",0,NA
"642","3DD.0077AF9709",2,2,"Observation",1,"2022-02-22 18:22:00","2022-02-22 18:22:00",0,0.45
"643","3DD.0077AFDA04",5,1,"Observation",7,"2022-02-26 05:44:37","2022-02-26 06:20:09",35.5333333333333,NA
"644","3DD.0077AFDA04",6,2,"Observation",2,"2022-02-26 07:00:13","2022-02-26 07:01:37",1.4,40.0666666666667
"645","3DD.0077AFDA04",5,3,"Observation",1,"2022-02-26 07:08:19","2022-02-26 07:08:19",0,6.7
"646","3DD.0077AFDFD4",2,1,"Observation",2,"2022-01-14 15:57:26","2022-01-14 15:58:48",1.36666666666667,NA
"647","3DD.0077AFDFD4",1,2,"Observation",2,"2022-01-14 16:00:51","2022-01-14 16:09:15",8.4,2.05
"648","3DD.0077AFDFD4",2,3,"Observation",3,"2022-01-14 16:11:35","2022-01-14 17:08:22",56.7833333333333,2.33333333333333
"649","3DD.0077AFDFD4",1,4,"Observation",2,"2022-01-14 17:13:22","2022-01-14 22:33:31",320.15,5
"650","3DD.0077AFDFD4",2,5,"Observation",2,"2022-01-14 22:35:13","2022-01-14 23:43:08",67.9166666666667,1.7
"651","3DD.0077AFDFD4",1,6,"Observation",1,"2022-01-14 23:46:24","2022-01-14 23:46:24",0,3.26666666666667
"652","3DD.0077AFE258",1,1,"Observation",83,"2022-01-01 20:39:54","2022-04-20 20:32:13",156892.316666667,NA
"653","3DD.0077AFF04B",1,1,"Observation",1,"2022-04-18 22:25:17","2022-04-18 22:25:17",0,NA
"654","3DD.0077AFF04B",2,2,"Observation",1,"2022-04-18 22:25:35","2022-04-18 22:25:35",0,0.3
"655","3DD.0077B083F6",16,1,"Observation",1,"2022-01-10 17:17:21","2022-01-10 17:17:21",0,NA
"656","3DD.0077BB821A",16,1,"Observation",138,"2022-04-26 18:25:10","2022-04-26 18:25:30",0.333333333333333,NA
"657","3DD.0077BBB051",2,1,"Observation",1,"2022-03-29 09:01:07","2022-03-29 09:01:07",0,NA
"658","3DD.0077BBB051",1,2,"Observation",1,"2022-03-29 09:01:40","2022-03-29 09:01:40",0,0.55
"659","3DD.0077BBB16D",1,1,"Observation",1,"2022-03-17 23:56:16","2022-03-17 23:56:16",0,NA
"660","3DD.0077BBB16D",2,2,"Observation",1,"2022-03-17 23:56:32","2022-03-17 23:56:32",0,0.266666666666667
"661","3DD.0077BBBF2F",18,1,"Observation",2,"2022-04-16 19:14:28","2022-04-16 19:15:27",0.983333333333333,NA
"662","3DD.0077BBDBDC",5,1,"Observation",6,"2022-01-12 21:40:18","2022-03-18 22:59:29",93619.1833333333,NA
"663","3DD.0077BBE9A3",5,1,"Observation",4,"2022-01-30 13:07:00","2022-01-30 13:10:17",3.28333333333333,NA
"664","3DD.0077BBE9A3",2,2,"Observation",1,"2022-03-08 20:48:21","2022-03-08 20:48:21",0,53738.0666666667
"665","3DD.0077BBE9A3",1,3,"Observation",1,"2022-03-08 20:48:45","2022-03-08 20:48:45",0,0.4
