"","1993","1994","1995","1996","1997","1998","1999","2000","2001","2002","2003","2004","2005","2006","2007","2008","2009","2010","2011","2012","2013","2014","2015","2016","2017","2018","2019","2020","2021","2022","Min","Q1","Median","Mean","Q3","Max"
"Jan-01",208,227,160,255,501,283,275,200,170,160,173,180,175,211,210,180,245,257,227,282,172,240,177,165,249,223,190,239,196,161,160,175.5,209,219.7,243.75,501
"Jan-02",212,228,150,257,517,294,260,220,160,160,176,167,170,209,217,190,248,251,243,279,148,240,195,136,251,220,174,238,195,158,136,171,214.5,218.766666666667,246.75,517
"Jan-03",195,233,150,263,429,301,260,220,170,170,177,150,160,210,217,190,230,247,266,281,147,242,211,171,245,229,180,237,201,160,147,172.5,214,218.066666666667,244.25,429
"Jan-04",200,232,150,250,300,303,260,220,170,180,179,130,160,208,218,210,200,247,257,280,146,241,226,218,225,242,211,238,198,166,130,184.5,218,215.5,241.75,303
"Jan-05",190,233,150,260,260,302,276,220,170,160,182,100,150,201,211,210,210,252,266,282,145,230,233,272,194,280,222,231,189,181,100,183.75,215.5,215.4,258,302
"Jan-06",180,235,160,260,260,271,278,200,170,170,170,120,150,201,195,210,230,254,284,282,156,190,229,260,182,301,247,240,192,182,120,180.5,205.5,215.3,258.5,301
"Jan-07",165,206,160,260,280,270,280,200,160,170,160,140,160,204,180,200,240,200,264,280,170,204,219,240,180,302,245,245,201,171,140,170.25,202.5,211.866666666667,245,302
"Jan-08",180,233,160,266,280,270,281,220,140,170,150,160,160,207,230,200,239,190,258,277,186,219,217,240,254,300,200,242,200,165,140,181.5,218,216.466666666667,251,300
"Jan-09",190,235,170,268,301,270,282,220,160,180,150,175,170,188,218,210,234,210,256,285,204,229,215,240,319,305,226,248,185,140,140,185.75,219,222.766666666667,254,319
"Jan-10",170,236,187,272,306,270,285,240,170,160,140,165,160,189,217,230,229,235,249,282,198,241,214,236,292,315,253,222,176,130,130,178.75,229.5,222.3,252,315
"Jan-11",195,239,180,268,296,270,289,240,160,170,150,160,150,208,200,212,230,245,241,260,185,245,215,186,243,306,256,214,152,157,150,181.25,214.5,217.4,245,306
"Jan-12",200,239,167,260,190,280,290,220,170,170,160,160,140,198,150,206,231,252,260,220,163,247,216,195,204,311,244,226,155,143,140,167.75,205,208.9,242.75,311
"Jan-13",185,238,166,260,170,280,289,220,180,170,180,170,150,198,155,206,231,253,263,230,147,247,216,222,184,312,233,223,176,132,132,171.5,211,209.533333333333,236.75,312
"Jan-14",205,241,170,260,180,280,287,240,170,160,181,160,150,199,155,190,232,254,265,260,143,247,203,227,161,309,199,216,198,155,143,170,201,209.9,245.5,309
"Jan-15",220,241,173,267,200,285,288,240,170,160,181,155,150,200,160,190,234,250,256,270,145,249,194,230,132,303,201,195,188,162,132,170.75,200,209.633333333333,247,303
"Jan-16",205,243,176,267,220,280,292,240,170,160,180,170,170,183,160,180,230,249,257,250,148,240,210,236,125,286,214,195,189,166,125,171.5,207.5,209.7,242.25,292
"Jan-17",210,245,175,267,220,280,289,240,160,160,170,170,180,193,155,200,220,252,281,230,155,240,206,236,158,287,246,220,202,160,155,171.25,215,213.566666666667,243.75,289
"Jan-18",185,245,177,220,240,290,291,240,160,160,180,160,205,204,155,220,210,252,278,250,160,240,214,238,196,305,262,207,196,NA,155,185,214,218.620689655172,245,305
"Jan-19",190,241,183,230,256,306,293,240,190,160,180,165,199,205,160,206,200,255,276,265,168,240,215,235,237,322,256,223,192,NA,160,190,223,223.724137931034,255,322
"Jan-20",200,239,170,250,260,306,294,246,180,160,190,172,193,202,175,191,190,254,240,268,172,240,214,238,253,304,261,224,178,NA,160,190,224,222.896551724138,253,306
"Jan-21",185,239,170,260,266,305,294,240,170,170,200,166,190,198,170,170,190,255,255,288,176,230,200,236,252,286,260,241,169,NA,166,176,230,221.758620689655,255,305
"Jan-22",195,240,170,261,260,303,292,245,180,165,200,155,189,202,180,160,200,256,279,282,180,235,173,237,254,263,245,245,195,NA,155,180,235,222.103448275862,256,303
"Jan-23",180,240,170,250,240,290,290,247,170,155,200,160,189,202,170,160,210,256,269,271,186,240,210,234,262,251,258,248,202,154,154,181.5,222,218.8,250.75,290
"Jan-24",193,239,180,240,240,290,293,252,180,155,198,165,188,194,165,160,233,254,274,260,193,224,213,236,262,267,256,244,179,169,155,182,228.5,219.866666666667,253.5,293
"Jan-25",196,243,190,230,240,290,240,254,180,160,200,160,188,200,160,160,234,253,276,268,198,240,217,235,264,284,252,243,160,160,160,188.5,232,219.166666666667,249.75,290
"Jan-26",182,252,196,220,260,309,260,255,180,170,201,165,189,199,160,170,190,254,273,275,213,240,222,226,261,266,258,244,162,159,159,183.75,221,220.366666666667,257.25,309
"Jan-27",193,251,180,220,260,308,260,254,160,160,226,178,190,197,155,180,160,255,274,260,212,241,224,239,231,279,257,244,172,166,155,180,225,219.533333333333,254.75,308
"Jan-28",185,247,180,230,260,305,260,220,140,160,218,176,193,192,155,190,180,252,272,250,211,214,228,239,207,294,254,247,176,159,140,181.25,216,216.466666666667,249.25,305
"Jan-29",185,239,170,220,257,305,260,200,130,155,209,175,195,199,155,200,200,252,271,268,210,237,229,239,241,304,246,250,184,165,130,187.5,215,218.333333333333,249,305
"Jan-30",179,240,180,210,258,312,240,180,140,150,221,175,197,195,160,200,200,252,275,268,223,245,219,239,265,313,198,249,203,167,140,183.75,214.5,218.433333333333,248,313
"Jan-31",165,200,180,210,263,302,240,200,150,160,234,173,197,196,160,180,210,253,250,266,235,235,217,218,258,302,222,245,194,182,150,185,213.5,216.566666666667,243.75,302
"Feb-01",165,190,211,210,277,284,240,220,160,160,268,160,194,196,170,180,220,252,225,267,247,236,212,188,256,292,256,244,192,173,160,188.5,216,218.166666666667,250.75,292
"Feb-02",165,195,253,210,266,308,260,220,160,160,234,150,194,196,160,190,227,252,210,271,235,199,223,199,250,307,261,250,203,169,150,194.25,215,219.233333333333,251.5,308
"Feb-03",170,202,220,220,262,316,260,240,170,160,216,160,193,197,175,200,228,252,230,268,227,209,223,203,228,324,264,234,204,168,160,197.75,220,220.766666666667,238.5,324
"Feb-04",168,202,218,240,240,318,260,244,160,170,222,160,196,196,185,190,229,253,275,250,233,183,224,206,260,349,260,163,201,173,160,186.25,220,220.933333333333,248.5,349
"Feb-05",160,203,215,250,220,313,250,243,170,170,211,178,200,196,200,180,230,252,269,245,244,152,227,205,258,352,263,149,202,165,149,184,213,219.066666666667,248.75,352
"Feb-06",180,205,214,258,200,307,260,242,160,170,190,167,189,185,197,200,231,252,269,240,241,126,266,217,260,309,257,185,204,160,126,186,209.5,218.033333333333,255.75,309
"Feb-07",187,215,218,319,200,311,270,242,160,175,180,172,197,202,197,200,231,248,270,245,232,154,384,221,260,297,207,261,205,153,153,197,216.5,227.1,257,384
"Feb-08",192,207,219,451,220,308,280,243,150,180,200,176,194,211,205,201,231,247,271,250,235,172,370,229,256,314,210,259,206,154,150,200.25,219.5,234.7,254.5,451
"Feb-09",200,210,212,540,240,307,281,249,160,170,210,175,187,197,206,202,231,235,261,268,237,194,358,229,270,310,201,251,185,NA,160,200,229,240.551724137931,261,540
"Feb-10",203,229,205,362,240,297,260,253,160,160,210,173,190,190,203,200,230,230,261,269,232,218,342,230,326,287,205,253,174,NA,160,203,230,234.206896551724,260,362
"Feb-11",205,233,180,293,255,297,240,251,170,170,190,174,200,185,203,191,225,245,266,266,220,235,315,235,318,252,211,229,182,NA,170,191,229,228.827586206897,252,318
"Feb-12",188,223,180,280,253,298,240,250,160,160,180,166,198,170,204,188,220,256,268,265,233,234,300,239,270,257,225,260,194,NA,160,188,233,226.172413793103,257,300
"Feb-13",186,226,170,280,251,297,260,249,170,150,200,140,199,200,203,188,210,252,270,263,246,233,294,238,268,235,238,237,193,NA,140,199,235,225.724137931034,252,297
"Feb-14",188,224,170,282,251,290,281,251,160,160,217,150,198,209,200,186,220,249,271,259,243,235,292,235,264,251,243,248,192,NA,150,198,235,228.241379310345,251,292
"Feb-15",182,224,180,284,255,302,282,255,170,150,214,160,184,203,200,184,220,251,276,255,242,237,293,241,268,264,253,245,192,NA,150,192,241,229.862068965517,255,302
"Feb-16",176,236,182,283,262,304,281,251,180,160,214,180,170,180,200,186,225,250,279,243,237,237,281,259,277,253,255,257,201,NA,160,186,237,231,259,304
"Feb-17",165,238,182,283,269,295,283,243,190,170,214,175,180,170,199,187,227,250,273,262,234,236,258,267,280,264,252,237,197,NA,165,190,237,230.344827586207,264,295
"Feb-18",165,241,186,291,267,300,281,220,198,165,212,183,190,160,201,184,231,250,268,261,231,240,270,280,284,272,231,207,209,NA,160,198,231,230.275862068966,268,300
"Feb-19",170,233,211,295,265,286,279,220,198,165,208,187,200,170,202,186,228,247,270,249,233,239,285,268,306,250,226,188,201,NA,165,200,228,229.827586206897,265,306
"Feb-20",170,225,273,280,262,296,280,240,196,160,208,179,200,180,203,190,227,230,273,257,235,233,283,259,294,207,243,194,205,NA,160,200,230,230.413793103448,262,296
"Feb-21",176,223,295,275,256,299,280,262,195,155,215,172,200,190,204,191,227,205,267,265,234,241,275,239,307,208,246,203,205,NA,155,203,227,231.379310344828,265,307
"Feb-22",179,230,259,276,252,299,280,271,195,165,217,174,199,200,204,191,227,210,261,279,240,240,202,254,299,209,205,214,208,156,156,200.5,215.5,226.5,257.75,299
"Feb-23",179,231,242,255,256,279,283,272,195,170,215,181,195,193,208,195,231,225,266,272,245,239,178,218,285,210,215,219,213,169,169,195,218.5,224.466666666667,252.5,285
"Feb-24",178,230,242,240,257,296,285,265,195,175,150,182,192,191,193,193,241,230,249,252,235,241,229,210,271,204,236,241,208,171,150,193,230,222.733333333333,241.75,296
"Feb-25",176,220,250,230,255,295,290,253,190,165,130,182,194,190,199,192,240,235,230,262,230,243,259,246,264,200,248,244,201,167,130,192.5,230,222.666666666667,249.5,295
"Feb-26",173,224,237,220,262,292,287,240,190,150,150,183,193,196,205,190,237,240,222,257,235,235,262,247,248,223,256,251,205,175,150,193.75,229.5,222.833333333333,247.75,292
"Feb-27",167,230,216,210,259,291,281,255,180,160,170,180,194,223,205,188,215,249,260,254,238,238,264,254,248,184,253,257,208,173,160,189.5,226.5,223.466666666667,254,291
"Feb-28",201,233,202,210,255,265,296,264,170,170,180,179,194,444,193,192,210,250,263,255,243,242,259,258,246,183,254,261,204,177,170,193.25,237.5,231.766666666667,257.25,444
"Mar-01",168,228,191,210,245,294,307,257,180,160,190,177,194,334,209,195,238,250,252,253,260,240,229,244,255,189,244,248,215,167,160,191.75,233.5,227.433333333333,251.5,334
"Mar-02",171,233,185,220,261,302,298,253,190,170,180,175,192,254,210,190,248,252,263,258,258,229,231,252,257,206,244,242,213,185,170,190.5,232,227.4,253.75,302
"Mar-03",175,237,199,240,256,298,298,253,180,160,196,176,187,245,198,184,291,254,272,259,260,247,241,251,259,201,241,253,212,202,160,198.25,241,230.833333333333,255.5,298
"Mar-04",175,237,195,270,259,293,294,258,190,165,199,181,188,242,204,193,264,260,270,262,255,258,222,254,269,201,236,248,207,202,165,199.5,239.5,231.7,259.75,294
"Mar-05",181,231,189,279,247,281,280,265,207,175,200,179,185,221,203,194,247,258,266,276,243,259,227,265,266,201,234,257,207,191,175,200.25,232.5,230.466666666667,263.5,281
"Mar-06",192,224,171,255,253,280,260,268,209,180,203,180,182,221,218,186,242,262,260,274,266,368,252,284,256,211,258,268,215,181,171,204.5,247,235.966666666667,261.5,368
"Mar-07",203,216,170,260,261,289,290,269,211,185,205,178,179,219,257,188,220,266,268,243,260,336,259,278,252,215,256,295,220,176,170,206.5,247.5,237.466666666667,264.75,336
"Mar-08",208,222,175,285,263,269,296,264,211,175,219,185,177,217,288,194,230,269,267,257,258,311,257,274,266,243,252,303,214,179,175,211.75,254.5,240.933333333333,268.5,311
"Mar-09",207,221,182,339,252,293,295,257,213,170,233,190,183,212,258,194,215,269,271,270,256,316,256,263,296,248,246,300,217,174,170,212.25,250,243.2,269.75,339
"Mar-10",198,228,202,453,368,297,295,262,211,180,249,204,185,190,249,192,225,260,271,280,256,373,255,263,408,256,239,287,225,154,154,205.75,252,257.166666666667,277.75,453
"Mar-11",191,230,229,484,402,302,290,260,207,193,280,204,183,192,277,197,215,247,276,301,265,329,258,288,405,254,238,286,215,193,183,209,256,263.033333333333,287.5,484
"Mar-12",183,226,216,475,373,304,289,247,202,193,316,202,179,192,390,202,220,251,266,301,267,283,260,303,354,250,245,294,209,183,179,203.75,250.5,262.5,299.25,475
"Mar-13",190,218,191,398,321,315,295,255,204,191,319,204,173,197,454,202,225,255,268,294,275,271,261,302,333,267,258,274,214,190,173,204,259.5,260.466666666667,294.75,454
"Mar-14",197,221,180,337,295,330,298,259,207,187,340,197,170,195,405,199,235,252,274,290,294,268,258,297,360,318,249,280,229,181,170,201,258.5,260.066666666667,296.5,405
"Mar-15",196,227,177,324,276,344,313,257,200,181,314,191,168,202,312,196,251,253,287,308,335,262,277,276,406,353,249,292,224,173,168,200.5,259.5,260.8,311,406
"Mar-16",197,230,174,335,322,373,323,248,202,180,294,191,164,202,274,197,289,261,302,351,347,264,295,262,444,337,252,287,228,172,164,202,263,266.566666666667,317,444
"Mar-17",196,223,166,310,396,416,307,257,201,183,269,190,162,204,295,192,282,275,283,381,317,282,290,269,424,311,253,291,232,165,162,201.75,272,267.4,304,424
"Mar-18",203,209,166,292,432,362,307,252,204,184,249,192,156,207,306,197,270,292,275,375,274,257,293,256,420,288,256,305,234,165,156,204.75,256.5,262.6,292.75,432
"Mar-19",214,208,169,290,484,342,326,260,213,186,238,204,160,202,295,201,265,271,274,325,263,247,276,245,472,281,261,296,247,172,160,209.25,260.5,262.9,287.75,484
"Mar-20",212,191,164,304,524,344,346,242,235,190,232,198,163,197,280,201,285,254,264,278,279,255,270,258,457,271,271,300,259,186,163,203.75,258.5,263.666666666667,279.75,524
"Mar-21",203,195,165,325,479,369,369,242,231,200,225,191,160,198,251,199,300,257,274,290,288,242,270,269,413,273,277,301,243,163,160,200.75,254,262.066666666667,289.5,479
"Mar-22",201,189,158,319,402,423,433,260,222,209,220,188,157,197,233,187,310,261,280,347,266,244,266,270,434,335,283,306,235,163,157,203,260.5,266.6,309,434
"Mar-23",208,186,153,302,376,528,411,265,221,228,232,178,150,201,223,190,274,252,277,421,249,247,264,257,405,448,286,302,230,175,150,211.25,250.5,271.3,298,528
"Mar-24",220,178,149,262,338,565,392,245,220,233,220,167,144,211,221,202,257,246,278,403,244,254,262,254,372,450,300,300,225,178,144,220,245.5,266.333333333333,294.5,565
"Mar-25",214,187,149,239,309,524,398,249,220,228,218,134,143,228,222,211,263,251,279,380,246,265,261,254,362,393,312,296,231,175,134,218.5,247.5,261.366666666667,291.75,524
"Mar-26",237,189,151,275,320,468,406,259,213,216,221,124,143,239,224,204,248,243,277,402,262,286,255,246,346,313,308,285,227,156,124,217.25,247,258.1,285.75,468
"Mar-27",228,189,150,279,356,427,379,267,197,207,210,114,143,214,234,201,230,238,277,369,264,275,252,250,336,300,318,270,229,155,114,207.75,244,251.933333333333,278.5,427
"Mar-28",224,198,149,277,331,387,326,291,190,199,213,111,147,219,234,186,256,241,276,343,276,256,258,249,322,309,330,275,242,157,111,202.5,252.5,249.066666666667,287.5,387
"Mar-29",227,188,144,271,303,353,325,266,190,194,209,105,145,236,206,198,275,249,268,324,281,258,249,249,315,309,312,274,257,158,105,200,253,244.6,279.5,353
"Mar-30",237,185,146,261,295,340,320,257,180,191,209,89.3,136,243,212,185,240,264,276,319,285,258,243,245,355,327,290,278,217,135,89.3,195.5,244,240.61,283.25,355
"Mar-31",233,190,149,266,301,344,304,250,175,196,208,77.4,134,229,206,198,264,252,330,357,287,248,244,248,351,343,290,284,213,136,77.4,200,248,243.58,289.25,357
"Apr-01",231,184,152,286,277,346,304,253,181,197,213,83.6,135,222,200,189,260,247,361,411,285,247,253,248,335,338,281,270,227,128,83.6,197.75,247.5,244.82,284,411
"Apr-02",240,185,152,302,278,347,285,254,179,199,218,90.4,134,210,198,186,258,239,379,358,281,252,250,251,335,334,277,268,231,115,90.4,198.25,250.5,242.846666666667,280.25,379
"Apr-03",230,181,150,282,272,352,292,241,175,185,213,91.5,136,207,187,194,264,242,356,328,281,253,238,262,329,283,281,253,235,111,91.5,188.75,241.5,236.816666666667,281,356
"Apr-04",226,187,150,275,275,346,291,252,174,180,201,93.3,136,228,188,196,263,235,317,324,271,252,246,277,320,300,294,260,235,120,93.3,190,249,237.076666666667,276.5,346
"Apr-05",228,179,152,275,257,356,284,276,171,172,201,102,129,284,186,199,256,238,316,316,280,250,235,278,321,299,309,270,238,120,102,189.25,253,239.233333333333,283,356
"Apr-06",211,175,156,288,253,364,280,270,175,174,203,100,123,329,181,195,265,241,311,309,279,248,231,267,319,333,321,287,223,115,100,184.5,250.5,240.866666666667,287.75,364
"Apr-07",205,167,158,338,265,359,280,251,172,172,196,97.9,126,284,173,198,284,235,301,291,268,253,219,268,335,367,303,306,219,98.5,97.9,178.75,252,239.646666666667,289.25,367
"Apr-08",204,153,156,386,262,349,290,233,172,170,195,84.8,114,263,181,197,315,237,298,297,262,268,220,278,356,394,319,314,217,77.9,77.9,184.5,249.5,242.09,297.75,394
"Apr-09",209,138,153,425,265,340,296,240,172,170,196,83.3,112,256,192,197,345,224,302,293,240,293,217,294,349,358,385,316,204,65.4,65.4,193,240,244.323333333333,300.5,425
"Apr-10",213,134,151,462,254,319,276,242,173,172,197,87.4,107,248,196,199,341,221,302,289,241,313,220,312,332,328,356,324,210,88.9,87.4,196.25,241.5,243.61,312.75,462
"Apr-11",212,137,146,422,242,332,292,231,173,165,195,85.3,105,240,186,196,323,222,302,306,241,313,214,319,322,344,316,327,207,94,85.3,188.25,235.5,240.31,315.25,422
"Apr-12",209,136,143,372,233,346,299,230,169,162,197,87.3,109,231,184,210,319,219,300,327,235,319,213,328,322,361,302,301,203,108,87.3,187.25,230.5,239.143333333333,314.75,372
"Apr-13",200,132,139,338,240,335,303,231,165,155,191,107,119,235,169,265,327,230,296,320,234,302,203,369,323,339,290,262,189,95.7,95.7,174,234.5,236.79,302.75,369
"Apr-14",195,123,151,318,239,330,301,208,160,144,195,115,125,243,146,370,334,216,300,309,226,274,202,376,335,327,289,253,192,107,107,168,232.5,236.766666666667,307,376
"Apr-15",182,117,153,303,234,349,291,197,157,168,198,122,126,240,148,414,307,215,292,304,223,274,197,355,335,320,287,266,199,105,105,171.5,228.5,235.933333333333,300.25,414
"Apr-16",182,120,152,299,239,353,289,198,153,146,189,143,129,224,146,306,288,227,294,298,207,258,198,332,331,337,292,249,187,92.4,92.4,160.25,225.5,228.613333333333,293.5,353
"Apr-17",188,118,153,301,255,336,295,202,145,141,184,157,131,219,120,275,280,236,321,300,206,250,193,316,331,328,289,246,178,92.6,92.6,162.25,227.5,226.22,293.5,336
"Apr-18",191,112,134,294,258,317,306,193,136,129,181,156,133,205,146,303,296,239,331,302,205,257,189,309,328,307,283,254,178,93.4,93.4,161.5,222,225.513333333333,300.5,331
"Apr-19",197,99,130,284,276,317,319,181,135,121,157,140,127,197,158,312,308,239,313,302,216,255,178,304,317,297,288,257,184,104,99,157.25,227.5,223.733333333333,300.75,319
"Apr-20",188,98,133,287,313,304,335,191,140,112,149,132,125,186,160,296,321,247,294,296,213,244,156,311,305,294,324,262,163,98.6,98,150.75,228.5,222.586666666667,296,335
"Apr-21",180,96,126,286,326,313,328,184,157,112,151,129,123,190,160,248,354,257,295,311,199,236,137,336,310,299,361,275,154,97.9,96,151.75,217.5,224.363333333333,307.25,361
"Apr-22",170,106,128,278,311,324,310,182,156,114,148,125,122,198,160,257,393,291,283,324,202,251,142,378,295,326,339,288,148,98.7,98.7,148,226.5,228.256666666667,306.25,393
"Apr-23",167,120,127,274,325,369,296,192,147,105,156,113,109,216,160,268,439,278,283,377,195,281,146,408,301,355,302,284,140,102,102,146.25,242,234.5,299.75,439
"Apr-24",151,112,128,308,359,470,266,187,151,88.9,161,111,114,204,160,272,399,258,278,402,191,266,154,421,316,343,313,271,135,110,88.9,151,231,236.663333333333,311.75,470
"Apr-25",149,100,121,298,348,463,256,189,145,75.9,158,112,119,198,149,259,348,233,274,425,180,258,156,407,320,331,299,248,139,112,75.9,146,215.5,228.996666666667,298.75,463
"Apr-26",156,98,110,280,339,405,254,185,148,71.6,172,107,126,181,159,242,333,215,273,515,168,280,157,385,310,326,309,225,132,113,71.6,150,200,225.82,301.75,515
"Apr-27",146,99,97,268,349,382,251,162,151,93,174,112,120,174,157,246,318,207,266,641,152,262,134,349,304,340,318,229,108,115,93,137,190.5,224.133333333333,295,641
"Apr-28",128,100,114,259,374,390,250,141,148,90.4,156,131,108,173,160,265,318,191,265,510,142,246,134,300,279,375,296,247,113,115,90.4,131.75,182,217.28,275.5,510
"Apr-29",112,97,123,246,378,410,261,132,144,84.9,125,133,117,167,178,331,323,180,263,440,138,231,137,278,254,411,287,216,120,123,84.9,126.75,179,214.663333333333,274.25,440
"Apr-30",117,98,135,237,367,406,249,124,140,83.1,119,121,124,176,204,353,324,176,263,402,132,202,140,251,247,391,274,248,127,122,83.1,124.75,189,211.736666666667,260,406
"May-01",111,90,129,228,362,413,242,108,149,77.8,110,117,121,200,214,300,311,164,268,379,121,186,147,231,248,359,251,292,159,118,77.8,121,193,206.86,263.75,413
"May-02",108,85,123,233,350,440,254,95,145,74.4,110,114,118,178,224,264,308,157,248,340,121,185,155,211,240,321,222,247,171,110,74.4,118.75,181.5,198.38,247.75,440
"May-03",109,88,116,227,336,459,257,109,141,79.1,118,123,119,155,296,249,312,152,252,316,128,202,155,179,222,257,191,244,158,139,79.1,124.25,168.5,196.27,251.25,459
"May-04",128,89,106,218,339,461,244,125,138,112,134,130,122,135,268,236,309,146,243,288,121,230,161,173,222,237,153,236,147,142,89,131,157,193.1,236.75,461
"May-05",123,84,101,222,347,465,224,150,135,121,144,141,124,128,238,244,300,137,244,258,120,235,173,192,262,243,150,218,145,145,84,135.5,161.5,193.766666666667,241.75,465
"May-06",127,78,242,231,367,476,206,151,128,122,138,127,135,123,221,268,311,148,250,248,121,227,175,229,382,269,150,215,143,140,78,135.75,190.5,204.933333333333,246.5,476
"May-07",175,79,381,209,365,476,182,148,118,120,118,124,137,130,211,289,312,148,257,228,118,197,180,309,615,340,160,214,155,148,79,139.75,181,221.433333333333,281,615
"May-08",174,83,302,192,359,486,172,139,110,113,108,129,136,135,208,284,294,164,291,220,128,163,171,353,657,412,168,201,159,146,83,136.75,171.5,221.9,289.25,657
"May-09",175,119,245,179,337,457,173,133,108,108,111,131,136,134,214,275,263,165,320,211,136,157,158,387,540,459,159,195,146,137,108,136,169,215.6,258.5,540
"May-10",163,147,227,171,348,399,177,129,118,107,108,134,135,127,239,248,249,160,316,235,139,172,151,388,507,491,152,216,143,128,107,136,167,214.133333333333,245.75,507
"May-11",142,158,248,159,387,369,172,120,117,99.2,109,137,125,124,265,222,236,168,285,229,150,185,149,357,542,478,158,228,128,117,99.2,130.25,163.5,212.106666666667,245,542
"May-12",150,205,288,191,419,320,152,111,127,98.3,118,123,103,129,299,204,218,160,270,221,158,175,153,318,665,470,169,247,115,114,98.3,127.5,172,216.343333333333,264.25,665
"May-13",189,223,282,245,441,304,136,95,157,102,113,112,83.4,156,348,179,198,145,295,229,200,166,178,304,855,448,201,241,111,110,83.4,138.25,193.5,228.213333333333,272.75,855
"May-14",233,182,250,298,492,300,159,101,222,110,101,107,87,171,344,160,193,153,341,250,239,158,182,336,816,427,241,234,113,108,87,154.25,207.5,236.933333333333,286,816
"May-15",261,165,227,370,543,280,162,132,268,127,101,103,121,207,317,155,185,161,407,284,226,159,228,419,699,402,270,243,124,113,101,156,226.5,248.633333333333,283,699
"May-16",276,169,233,428,587,274,174,127,244,128,111,114,155,266,305,172,177,161,451,325,183,182,314,478,587,403,283,237,129,128,111,163,235,260.033333333333,311.75,587
"May-17",294,161,240,513,647,293,176,158,196,126,107,108,281,331,306,223,176,171,417,378,184,237,407,428,549,466,289,237,140,145,107,172.25,238.5,279.466666666667,366.25,647
"May-18",304,159,252,499,647,283,171,149,156,137,101,117,245,388,323,308,237,201,378,358,192,317,353,416,514,523,279,258,153,149,101,162,268.5,285.566666666667,356.75,647
"May-19",317,173,268,440,581,261,173,140,153,162,99.1,107,327,487,343,432,398,228,338,310,168,345,327,486,458,579,253,295,164,151,99.1,169.25,302.5,298.77,384.75,581
"May-20",340,165,272,381,529,239,171,148,152,193,91.4,78.6,372,598,374,485,466,250,311,295,151,310,294,554,400,631,235,407,160,137,78.6,166.5,294.5,306.333333333333,395.25,631
"May-21",358,155,284,324,507,262,183,165,140,228,100,78.2,365,687,372,485,426,244,290,314,144,316,281,543,346,676,212,385,143,137,78.2,169.5,287,305.006666666667,370.25,687
"May-22",363,164,318,298,536,291,203,228,133,191,111,84,339,623,341,390,393,242,297,383,153,385,305,503,326,710,202,335,121,133,84,193.75,301.5,303.366666666667,378,710
"May-23",346,162,328,300,528,338,238,288,145,148,145,90.7,399,546,310,337,423,288,352,378,149,466,337,458,350,744,182,309,135,128,90.7,167,319,311.59,371.5,744
"May-24",341,164,307,330,576,347,314,317,173,128,199,86.7,378,469,276,323,526,290,427,331,148,552,374,421,478,846,174,287,148,119,86.7,180.25,320,328.323333333333,410.25,846
"May-25",351,170,287,287,544,356,420,341,203,116,255,87.1,323,439,258,311,562,263,469,312,149,605,381,379,625,927,172,264,136,110,87.1,216,311.5,336.736666666667,410.25,927
"May-26",376,187,311,282,512,375,488,319,219,120,333,80.6,292,440,236,305,514,236,472,305,150,663,420,351,599,972,174,274,159,108,80.6,223.25,308,342.42,435,972
"May-27",410,212,316,305,461,405,528,282,221,131,374,80.3,283,404,229,282,523,236,457,309,158,739,472,343,490,984,191,310,154,190,80.3,223,309.5,349.31,445.25,984
"May-28",446,240,285,356,450,402,549,335,216,156,399,101,304,424,242,303,553,272,439,282,171,741,460,340,402,969,214,346,154,291,101,249.5,337.5,361.4,435.25,969
"May-29",450,194,284,391,484,395,668,353,199,209,506,126,336,366,229,319,621,384,426,272,177,670,444,325,411,1000,215,442,170,276,126,239.75,359.5,378.066666666667,443.5,1000
"May-30",444,164,305,394,533,400,897,318,175,318,646,118,333,326,215,317,693,390,439,269,171,589,467,325,499,983,231,553,178,369,118,278,351,401.966666666667,491,983
"May-31",472,173,326,387,625,384,818,283,158,383,714,112,317,285,222,343,847,374,419,279,164,542,520,333,678,981,271,643,187,291,112,280,358.5,417.7,536.5,981
"Jun-01",507,198,415,360,826,357,716,243,161,382,609,105,451,273,225,381,960,404,387,316,155,498,659,341,825,1040,319,663,209,253,105,258,381.5,441.266666666667,583.5,1040
"Jun-02",509,201,469,367,825,393,742,220,169,498,486,102,409,279,234,419,873,432,395,430,155,463,682,343,931,946,358,544,274,245,102,275.25,414,446.433333333333,506.25,946
"Jun-03",524,198,562,436,774,582,878,241,185,393,404,109,352,385,241,413,747,625,391,573,166,486,614,373,986,870,449,501,340,279,109,343,424.5,469.233333333333,579.75,986
"Jun-04",505,220,1200,580,843,528,860,266,172,316,342,142,315,442,247,420,742,742,376,635,160,505,561,414,1070,842,548,489,411,357,142,322.5,465.5,508.333333333333,621.25,1200
"Jun-05",510,215,1530,724,991,466,773,274,161,263,302,218,316,433,281,381,983,825,370,697,160,495,518,491,1300,828,584,455,444,444,160,305.5,460.5,547.733333333333,717.25,1530
"Jun-06",537,214,1330,699,1010,433,758,272,145,271,281,285,362,413,453,375,1040,802,458,573,184,490,515,576,1350,810,583,509,434,444,145,365.25,474,553.533333333333,670,1350
"Jun-07",504,213,1350,693,1030,448,707,265,133,260,283,247,380,427,417,362,1080,901,605,461,218,474,515,697,1050,765,641,614,303,413,133,317.75,467.5,548.533333333333,696,1350
"Jun-08",483,199,1180,805,1370,452,667,267,127,254,279,207,381,581,362,338,905,944,696,401,277,441,510,800,1230,750,562,499,277,394,127,293.75,467.5,554.6,736.5,1370
"Jun-09",461,172,969,997,1210,440,603,256,120,240,296,199,382,713,347,319,769,898,713,383,297,407,589,832,1200,717,477,419,258,390,120,302.5,429.5,535.766666666667,716,1210
"Jun-10",493,164,776,1070,1120,422,543,225,124,229,298,300,349,730,369,310,658,870,653,351,333,422,633,666,1020,748,406,349,262,471,124,315.75,422,512.133333333333,664,1120
"Jun-11",545,166,683,998,1170,436,491,204,137,209,278,262,338,570,462,306,614,804,618,321,352,419,630,569,898,659,359,303,233,670,137,303.75,449,490.133333333333,627,1170
"Jun-12",380,174,726,915,1130,463,478,216,157,190,259,214,380,495,417,301,577,743,659,286,306,401,522,469,848,573,385,304,195,912,157,289.75,409,469.166666666667,576,1130
"Jun-13",311,182,830,855,1160,635,517,239,175,179,246,198,363,462,382,277,550,680,724,294,280,392,457,395,936,517,523,300,182,1170,175,277.75,393.5,480.366666666667,613.75,1170
"Jun-14",305,188,957,816,1080,698,579,209,173,180,232,193,339,483,367,271,599,685,818,321,267,375,392,352,942,492,548,313,174,974,173,268,371,477.4,663.5,1080
"Jun-15",307,168,1090,833,1030,658,648,232,170,213,222,189,358,500,353,299,665,758,851,309,229,338,351,325,825,474,518,274,163,764,163,242.5,352,470.466666666667,663.25,1090
"Jun-16",346,164,1220,850,980,742,829,231,176,233,208,182,413,427,333,326,722,931,865,308,201,360,328,354,797,584,481,288,158,624,158,246.75,357,488.7,737,1220
"Jun-17",351,152,1360,843,930,800,1240,194,170,245,208,171,456,386,332,367,800,1150,797,331,192,348,302,304,817,570,536,419,132,594,132,259.25,376.5,516.566666666667,799.25,1360
"Jun-18",335,140,1400,765,1120,773,1170,178,146,258,212,181,440,354,285,421,883,974,738,364,187,324,294,277,821,781,518,362,115,649,115,262.75,363,515.5,771,1400
"Jun-19",342,131,1370,629,1010,872,1130,191,123,248,204,197,378,337,244,440,782,836,737,323,217,280,284,270,816,794,485,328,113,629,113,245,339.5,491.333333333333,770.75,1370
"Jun-20",408,134,1160,536,885,936,1050,169,122,207,209,198,363,313,233,439,860,850,715,278,230,264,263,256,849,710,458,323,106,581,106,230.75,343,470.166666666667,713.75,1160
"Jun-21",427,136,956,501,798,890,939,148,123,197,197,199,420,284,234,460,1420,882,743,254,207,270,246,256,944,749,423,340,102,494,102,213.75,380,474.633333333333,747.5,1420
"Jun-22",517,126,933,535,737,881,863,148,130,217,179,205,551,261,222,545,1590,889,833,261,225,290,233,252,907,759,367,367,95.7,446,95.7,222.75,367,485.49,753.5,1590
"Jun-23",452,122,812,487,699,893,747,159,139,289,166,206,548,256,213,583,1340,887,948,271,207,298,224,241,815,774,319,352,94.6,447,94.6,215.75,335.5,466.286666666667,735,1340
"Jun-24",401,113,742,478,649,939,670,154,131,290,163,219,451,244,202,540,1260,909,1300,274,199,308,217,252,760,701,293,344,92.6,465,92.6,217.5,326,458.686666666667,664.75,1300
"Jun-25",362,106,805,516,596,1160,614,150,122,279,160,214,401,244,186,513,1240,939,1320,281,213,320,206,243,712,658,273,365,93.6,440,93.6,213.25,341,457.72,609.5,1320
"Jun-26",350,104,935,493,565,1370,550,144,116,274,144,204,395,248,172,492,1150,1060,1160,273,262,346,200,217,676,635,267,339,101,409,101,207.25,342.5,455.033333333333,561.25,1370
"Jun-27",359,102,1190,477,570,1190,513,139,113,265,132,201,401,254,168,476,980,1030,1040,236,252,392,194,203,733,586,247,328,98.2,398,98.2,201.5,343.5,442.24,555.75,1190
"Jun-28",366,94,1330,451,546,1060,474,134,129,247,128,218,402,242,164,465,831,980,1020,211,232,418,184,201,727,550,240,316,102,396,94,203.5,341,428.6,528,1330
"Jun-29",335,93,1100,424,568,986,432,132,117,232,122,212,384,237,167,470,766,947,1090,201,218,383,182,197,661,557,233,340,105,400,93,198,337.5,409.7,535.25,1100
"Jun-30",302,85,986,409,574,977,420,124,112,208,123,236,321,242,175,487,702,1060,992,203,243,354,188,210,592,519,233,320,96.2,365,85,204.25,311,395.273333333333,511,1060
"Jul-01",281,82,917,416,617,1070,417,121,106,176,122,227,302,228,170,459,668,1070,954,202,221,329,184,221,562,479,231,294,97.1,319,82,188.5,287.5,384.736666666667,474,1070
"Jul-02",284,84,952,442,562,1100,416,120,100,161,117,212,299,220,155,417,600,925,903,198,207,330,163,200,545,455,231,261,105,299,84,171.75,272.5,368.766666666667,451.75,1100
"Jul-03",350,80,1150,476,534,1080,393,120,96,151,111,196,280,220,146,390,558,819,904,200,199,339,154,183,538,435,226,240,101,319,80,161.25,260,366.266666666667,465.75,1150
"Jul-04",329,79,1090,489,508,1100,366,126,91,148,106,198,258,220,137,386,536,681,922,196,195,338,141,178,518,402,225,238,96.7,317,79,155.5,248,353.823333333333,467.25,1100
"Jul-05",299,81,952,466,522,1050,340,127,92,141,103,178,249,229,133,381,514,610,917,183,186,337,137,172,495,363,226,242,105,287,81,148.75,245.5,337.233333333333,444.75,1050
"Jul-06",276,94,908,410,526,981,330,125,94,135,102,163,242,241,126,352,515,558,897,175,178,319,143,160,481,336,224,238,98.4,275,94,147.25,241.5,323.413333333333,395.5,981
"Jul-07",265,85,951,366,510,913,335,112,89,136,99.1,158,229,238,128,321,487,509,880,171,168,295,144,150,453,327,224,230,91.2,268,85,145.5,234,311.076666666667,358.25,951
"Jul-08",253,80,965,344,486,992,342,105,90,133,102,152,228,220,132,298,453,478,829,166,159,271,137,146,436,312,224,226,89.7,256,80,139.25,227,303.49,343.5,992
"Jul-09",237,72,1080,324,468,961,310,114,93,120,100,139,231,215,122,285,436,464,802,162,150,262,145,141,422,294,216,209,97.9,249,72,139.5,223.5,297.363333333333,320.5,1080
"Jul-10",238,67,1340,316,484,934,281,108,99,110,100,132,230,208,116,268,424,475,718,157,139,257,154,149,392,284,208,196,106,238,67,133.75,219,297.6,308,1340
"Jul-11",238,65,1210,301,455,990,273,108,101,104,95,124,220,196,109,249,401,506,682,149,136,238,153,160,362,267,206,182,101,224,65,127,213,286.833333333333,294,1210
"Jul-12",229,77,1010,289,414,904,267,106,113,103,95,114,210,191,106,232,395,496,680,147,127,216,162,149,340,240,200,177,101,204,77,117.25,202,269.8,283.5,1010
"Jul-13",219,99,918,278,372,791,262,117,112,97.2,95,106,200,200,108,222,421,480,723,144,128,202,153,150,323,234,192,170,94.3,191,94.3,119.75,196,260.05,274,918
"Jul-14",214,88,799,266,359,696,271,124,111,96.5,95,103,171,183,109,214,386,430,706,151,129,201,153,136,311,224,186,150,93.5,184,88,125.25,183.5,244.666666666667,269.75,799
"Jul-15",203,76,727,249,349,624,267,134,118,100,95,104,159,168,117,205,363,400,652,156,125,196,162,129,304,224,172,143,86.5,166,76,126,167,232.45,262.5,727
"Jul-16",196,69,681,243,328,584,258,127,125,97.4,95,104,147,152,109,194,337,379,622,160,121,183,159,141,305,201,167,142,82.4,158,69,125.5,159.5,222.226666666667,254.25,681
"Jul-17",215,66,659,256,325,516,252,119,124,92.2,90,95.2,140,138,108,183,302,366,588,143,125,178,148,137,293,198,161,128,82,154,66,124.25,151,212.713333333333,255,659
"Jul-18",226,71,620,254,329,485,235,127,118,89.4,90,92.6,136,131,121,174,286,354,562,133,122,171,151,144,282,184,149,126,85.8,144,71,123,146.5,206.426666666667,249.25,620
"Jul-19",212,81,595,245,359,470,227,130,103,94.4,92,89.9,132,125,108,168,274,338,537,128,122,159,158,130,271,171,141,116,90.4,135,81,117.5,138,200.056666666667,240.5,595
"Jul-20",207,82,602,224,351,434,224,116,97,97.7,91,95.6,120,125,102,164,268,317,509,126,123,158,146,122,242,164,139,116,98.9,122,82,116,132.5,192.773333333333,224,602
"Jul-21",208,91,610,209,331,402,218,108,103,88.2,92,91.9,120,129,96.8,157,253,293,489,122,116,149,135,122,222,157,133,120,98.6,115,88.2,109.75,131,185.983333333333,215.75,610
"Jul-22",210,100,616,202,312,378,213,99,104,87.1,94,89.6,117,129,97.9,167,229,276,463,118,110,149,138,116,206,153,129,114,92.2,108,87.1,105,129,180.56,209,616
"Jul-23",213,81,544,181,304,378,203,93,100,105,92,86.9,113,131,98.7,180,214,250,438,116,109,149,157,111,199,156,143,116,88,93.4,81,101.25,137,174.766666666667,202,544
"Jul-24",244,82,491,170,302,364,193,90,96,102,101,82.5,122,133,110,161,203,242,408,112,116,156,157,105,192,149,147,129,84.3,91.5,82,102.75,140,171.176666666667,192.75,491
"Jul-25",256,80,445,164,285,333,194,103,92,98.8,101,81.7,131,134,119,149,206,241,391,112,119,148,152,108,205,142,152,120,79.6,90.3,79.6,104.25,138,167.746666666667,202.25,445
"Jul-26",294,82,419,160,289,310,192,112,84,98.2,98,85.9,132,130,109,138,210,252,388,115,127,139,152,115,206,134,166,115,78.2,84.8,78.2,109.75,133,167.17,202.5,419
"Jul-27",317,81,396,150,281,304,181,110,80,96.1,91,90.3,121,120,105,136,223,258,371,112,133,135,181,112,212,128,165,112,75.4,80.1,75.4,106.25,130.5,165.23,204.25,396
"Jul-28",275,77,378,144,270,369,171,109,72,95.9,77,105,117,120,99.2,147,227,258,347,110,129,137,209,102,223,126,161,113,77.3,84.5,72,102.75,127.5,164.33,219.5,378
"Jul-29",251,75,356,139,280,379,172,105,68,97.2,86,102,109,119,102,149,221,265,330,108,124,145,175,103,209,123,149,114,80.4,87.3,68,102.25,123.5,160.763333333333,200.5,379
"Jul-30",247,83,396,135,273,346,167,106,68,97.1,84,99.1,108,115,104,153,222,256,319,105,118,145,163,99,201,120,153,109,74.7,81,68,100.325,119,158.23,192.5,396
"Jul-31",218,87,349,125,246,368,169,104,79,95.3,78,91.3,102,109,103,150,203,266,315,95.7,115,137,156,97.2,188,116,148,99.8,79.4,87.6,78,96.075,115.5,152.576666666667,183.25,368
"Aug-01",199,86,316,120,247,369,167,104,77,105,85,90,102,111,101,142,187,277,318,97,110,147,145,94,177,114,143,99.1,91.2,87.4,77,97.525,112.5,150.256666666667,174.5,369
"Aug-02",192,75,290,114,252,356,163,108,68,116,99,92.4,95.9,108,96.8,134,178,262,321,99,106,146,135,95,173,108,141,96.8,106,93.1,68,97.35,111,147.333333333333,170.5,356
"Aug-03",181,68,256,111,236,340,156,114,72,126,103,97.5,94.1,104,94,135,168,251,303,97.1,102,140,131,102,161,97,143,92.8,91.8,NA,68,97.1,114,143.7,161,340
"Aug-04",167,64,230,111,244,332,156,118,83,131,115,90.4,95.1,116,93.2,130,167,247,290,99.1,101,135,122,98.2,145,105,132,91.7,80.2,NA,64,98.2,118,140.996551724138,156,332
"Aug-05",170,68,223,111,312,328,162,117,84,114,88,89.3,102,124,89.4,121,168,242,315,101,101,129,124,96.4,144,117,126,101,75.3,NA,68,101,117,142.841379310345,162,328
"Aug-06",161,67,210,106,348,301,159,105,78,104,89,83.1,109,124,92.5,111,171,238,300,97.4,100,125,134,99.1,136,116,125,96,83.2,NA,67,97.4,111,140.286206896552,159,348
"Aug-07",153,65,194,99,288,283,155,108,78,115,80,82.8,110,129,95.1,135,231,227,278,101,109,124,116,105,126,114,117,91.8,92.7,NA,65,99,115,138.013793103448,153,288
"Aug-08",182,65,182,94,275,273,142,110,88,111,87.5,84,108,118,88.6,137,220,216,264,114,104,125,134,103,123,109,109,86.4,76.2,NA,65,94,111,135.472413793103,142,275
"Aug-09",174,65,173,90,260,256,144,106,99,107,93.9,82.7,100,101,87.1,133,213,221,253,120,107,131,148,99.5,123,104,109,84.1,76.7,NA,65,99,107,133.137931034483,148,260
"Aug-10",165,64,163,92,261,259,153,105,96,97.6,89.4,87,99,105,87.6,127,206,228,239,117,112,120,135,98.2,121,102,110,79.3,78.8,NA,64,96,110,130.927586206897,153,261
"Aug-11",149,74,154,94,261,249,161,105,89,91.1,87,80.5,93.2,106,87,119,192,241,229,114,106,117,125,100,118,99.3,110,82.4,76.1,NA,74,91.1,106,127.91724137931,149,261
"Aug-12",146,78,142,90,257,236,166,117,90,87.8,88.6,86.7,88,112,86.8,118,180,230,215,106,102,114,115,98.5,118,96.6,110,85.5,77.6,NA,77.6,88.6,110,125.451724137931,142,257
"Aug-13",173,80,142,88,243,226,176,114,91,89.4,84.7,102,87.3,112,81.3,127,171,231,193,103,99.6,119,113,93.6,116,96.6,105,83.5,81.7,NA,80,89.4,105,124.920689655172,142,243
"Aug-14",160,68,142,90,226,211,178,113,96,86.2,80,106,90.8,108,81.8,134,180,228,178,99.6,92.6,116,120,93.7,124,96.2,103,84.2,79.7,NA,68,90.8,106,122.958620689655,142,228
"Aug-15",160,68,135,92,216,186,171,113,97,90.2,80,101,92,108,84.9,125,175,205,173,100,81.4,114,117,97.7,119,94.9,101,88.2,76.3,NA,68,92,101,119.365517241379,135,216
"Aug-16",169,71,131,87,226,180,166,112,93,90.1,79,101,89.9,112,82.3,115,175,192,173,104,77.7,110,118,93.8,115,96.7,98.6,84.3,76.4,NA,71,89.9,104,117.889655172414,131,226
"Aug-17",174,65,133,83,218,178,161,114,90,85,78,105,91.3,103,86.1,108,169,181,174,98.8,74.3,106,116,93,115,101,96.8,93.7,75.8,NA,65,90,103,116.096551724138,133,218
"Aug-18",160,58,137,77,205,171,158,113,86,81.6,76,125,97.2,105,91,111,165,163,172,95.6,77.7,104,112,95.2,114,99.6,97,86.1,77.9,NA,58,86.1,104,114.168965517241,137,205
"Aug-19",145,55,148,80,184,167,153,111,87,84.3,73.7,98.5,97.6,106,87.3,105,157,156,163,97.9,96.7,105,109,100,114,96.8,97.4,76.5,85.5,NA,55,87.3,100,111.627586206897,145,184
"Aug-20",146,56,148,80,171,167,144,107,95,84.1,74.2,93,96.3,102,85.7,103,147,152,160,99.8,105,108,106,106,117,99.3,98.4,80.6,85.7,NA,56,93,103,110.934482758621,144,171
"Aug-21",211,62,150,81,179,166,143,108,96,88,91.1,91.8,96.4,102,95.9,108,143,146,162,97.9,104,108,103,103,120,108,107,74.5,85.3,NA,62,95.9,104,114.858620689655,143,211
"Aug-22",250,62,149,84,180,171,137,112,101,86,93,99.2,94.5,101,91.6,103,140,144,162,101,108,101,105,102,122,102,110,69,81.3,NA,62,94.5,102,115.91724137931,137,250
"Aug-23",228,66,163,81,175,167,140,116,105,87.1,100,104,94.7,98.3,89.2,104,143,141,150,99,113,116,106,103,122,98.1,117,69.8,67.3,NA,66,98.1,105,115.98275862069,140,228
"Aug-24",223,71,164,81,156,164,148,120,97,86.3,90,104,98.1,96.5,87.3,99.1,155,137,145,96.6,108,131,104,104,122,96.1,108,74.4,73.8,NA,71,96.1,104,115.179310344828,137,223
"Aug-25",218,80,168,83,157,161,147,118,96,83.3,79,110,106,103,85.7,97.8,140,132,144,96.9,103,143,98.4,105,122,93.7,101,77.7,79.6,NA,77.7,93.7,103,114.796551724138,140,218
"Aug-26",222,80,169,84,153,154,141,112,98,84.4,76.7,116,110,116,93,96.4,131,130,146,98.3,93.8,141,97.1,105,118,94.6,99,79.7,80.4,NA,76.7,93.8,105,114.462068965517,131,222
"Aug-27",218,90,166,82,144,151,138,108,96,86.4,79.3,106,108,104,99.7,97.3,127,128,145,99.6,97.8,131,96.4,104,116,103,98.5,78.3,79.8,NA,78.3,96.4,104,113.037931034483,128,218
"Aug-28",214,97,162,84,136,146,142,104,98,86.2,80,102,109,103,95.4,93.2,125,129,147,92.9,102,126,97.8,102,117,107,96.9,76.2,77.3,NA,76.2,95.4,102,111.996551724138,126,214
"Aug-29",206,97,151,84,130,152,154,102,101,87.5,81,99.9,104,97.9,95,93.3,127,138,147,91,93.6,122,98.4,99.2,117,101,94.5,72.3,77.2,NA,72.3,93.6,99.9,110.820689655172,127,206
"Aug-30",192,94,144,87,128,152,150,99,100,84.7,85,89.7,98.6,102,94.4,91.3,130,143,140,93,88.7,127,99.2,94.5,119,95.4,96,69.9,77.3,NA,69.9,91.3,98.6,109.127586206897,128,192
"Aug-31",175,94,146,88,130,146,150,100,97,81.6,90,78,107,104,99.2,90.8,138,142,138,95.7,86.6,141,98.2,92.8,125,97.3,97.7,75.3,75.8,NA,75.3,90.8,98.2,109.655172413793,138,175
"Sep-01",166,90,147,88,131,144,162,109,101,81,90,75.9,111,103,101,108,146,144,135,99.9,92,134,96.2,91.2,128,97.7,95.9,80.6,78.3,NA,75.9,91.2,101,111.265517241379,134,166
"Sep-02",156,88,140,91,136,142,168,121,100,79.9,90,96.8,108,102,96.7,93.8,133,140,139,103,98.5,129,103,95.9,127,98.5,97.8,77.1,83.4,NA,77.1,95.9,102,111.531034482759,133,168
"Sep-03",153,88,140,91,142,144,167,110,95,86.9,85,114,101,101,93,92.5,125,142,142,103,103,129,116,100,124,99.3,109,73.5,84,NA,73.5,93,103,112.179310344828,129,167
"Sep-04",156,87,154,90,144,147,170,104,90,87.2,85,113,100,99.3,89.6,96.1,119,141,145,103,103,129,115,98.9,124,98.1,106,73,83.2,NA,73,90,103,112.08275862069,129,170
"Sep-05",152,88,157,88,140,142,169,88,110,87.1,90,110,102,98,95.9,94.1,122,143,141,99.7,93.3,135,106,115,125,97.4,98.9,73.4,79.8,NA,73.4,93.3,102,111.744827586207,135,169
"Sep-06",147,90,151,92,147,146,163,84,90,92.6,85,112,100,96.4,145,97.2,124,147,140,97.7,95.5,129,95.6,94.9,130,102,110,72.5,76.7,NA,72.5,92.6,100,112.175862068966,140,163
"Sep-07",134,86,153,94,148,151,164,84,92,102,90,110,96.8,95.8,100,97.2,121,153,141,98.1,89.1,125,95,85.9,129,102,114,75.1,76.9,NA,75.1,92,100,110.444827586207,129,164
"Sep-08",137,86,155,94,149,159,172,82,87,94.6,85,105,96,100,96.8,97.8,123,155,142,95.8,86.3,119,96.7,86.9,120,100,104,83.4,76.8,NA,76.8,87,97.8,109.831034482759,123,172
"Sep-09",132,82,163,91,149,180,172,81,85,84.9,85,99.8,94,111,103,99.1,124,208,139,94,85.5,117,98.5,86.7,121,100,110,83.8,75.5,NA,75.5,85.5,99.8,112.234482758621,124,208
"Sep-10",126,81,161,88,153,194,169,85,85,83.9,80,91.6,98.3,102,107,99.3,122,227,136,91.3,90.1,106,100,86.8,126,102,104,78.2,76.7,NA,76.7,86.8,100,112.075862068966,126,227
"Sep-11",125,84,167,90,218,220,165,90,81,77.8,85,92,103,94.8,103,101,123,206,135,87.9,88.4,107,101,85.3,120,102,107,76.2,78.1,NA,76.2,87.9,101,114.258620689655,123,220
"Sep-12",127,88,157,94,236,219,163,83,79,72.5,85,105,99.9,85.1,101,103,127,199,134,91.4,86.2,109,109,91.2,114,103,113,77,78.9,NA,72.5,86.2,103,114.834482758621,127,236
"Sep-13",129,91,154,93,221,213,168,79,81,71.3,80,130,95.5,87.3,101,100,131,201,137,98,88.7,109,107,99.8,112,107,110,79,79.3,NA,71.3,88.7,101,115.61724137931,130,221
"Sep-14",132,90,155,92,219,214,170,81,92,71.1,80,113,99,92.7,103,98.3,131,201,141,99.5,92.8,109,107,103,117,98.8,107,79.9,79.5,NA,71.1,92,103,116.158620689655,131,219
"Sep-15",133,87,148,98,221,221,170,71,98,72,80,102,98.5,107,105,95.3,130,206,153,108,97.1,110,114,108,154,97.9,107,81.2,75.2,NA,71,97.1,107,118.903448275862,133,221
"Sep-16",129,85,140,111,215,227,171,70,95,71.7,73.9,90.8,94.8,120,104,89.7,130,199,167,111,95.4,108,130,114,193,101,112,82.1,73.7,NA,70,90.8,111,120.831034482759,130,227
"Sep-17",129,85,155,127,204,229,161,70,96,75.1,78,88.4,90,107,107,90,132,198,174,108,91.5,106,126,119,193,99.9,123,78.8,79.8,NA,70,90,107,121.396551724138,132,229
"Sep-18",135,92,169,132,213,233,160,78,100,73.1,80.4,93.8,96,101,112,89.2,132,200,173,107,103,109,135,118,195,100,130,80.5,77.4,NA,73.1,93.8,109,124.737931034483,135,233
"Sep-19",139,86,163,141,213,236,162,80,103,67.9,77.4,133,96.8,98.4,115,88.2,130,202,177,107,102,111,135,106,233,106,130,89.4,78.9,NA,67.9,96.8,111,127.827586206897,141,236
"Sep-20",142,83,166,150,218,248,165,86,99,64.9,74.7,131,92.8,113,116,90.9,130,199,178,102,99,109,140,105,229,111,121,101,86,NA,64.9,99,113,129.320689655172,150,248
"Sep-21",136,80,179,147,217,259,165,81,93,62,70.3,122,81.3,116,118,108,136,194,177,107,100,108,143,108,225,115,113,101,88.6,NA,62,100,115,129.31724137931,147,259
"Sep-22",135,79,191,148,217,262,166,84,88,60.1,69.9,117,82.6,113,121,112,145,196,179,106,99.4,113,145,128,242,119,112,94.5,85.4,NA,60.1,94.5,117,131.375862068966,148,262
"Sep-23",136,75,210,154,204,264,168,106,91,59.7,69.1,116,88.9,123,138,116,145,197,180,107,101,116,149,141,246,123,112,97.7,83.3,NA,59.7,101,123,135.058620689655,154,264
"Sep-24",139,69,215,162,196,261,170,116,95,64.8,68,120,112,121,142,115,142,194,175,112,104,113,143,133,235,130,112,94.9,84.5,NA,64.8,112,121,135.8,162,261
"Sep-25",142,71,218,161,196,259,171,120,100,69.3,64.8,122,135,120,137,113,136,198,169,110,114,112,138,123,231,136,114,97.3,82.9,NA,64.8,112,123,136.562068965517,161,259
"Sep-26",145,74,213,156,199,278,176,116,100,70.2,66,127,126,122,136,114,134,190,173,108,113,117,137,123,243,142,121,108,81.3,NA,66,113,126,138.224137931034,156,278
"Sep-27",150,69,215,152,202,277,190,109,100,72,65.6,129,125,122,133,114,134,187,174,100,112,144,140,116,245,144,127,110,81.8,NA,65.6,110,129,139.289655172414,152,277
"Sep-28",147,69,212,151,201,296,208,107,99,81.5,65.3,129,124,125,132,115,139,187,174,98,118,167,146,112,239,143,127,108,85.6,NA,65.3,108,129,141.565517241379,167,296
"Sep-29",147,71,224,157,206,304,206,109,100,87.1,65.6,128,121,127,144,121,141,190,173,101,119,178,150,113,249,145,140,96.8,93.5,NA,65.6,109,140,145.068965517241,173,304
"Sep-30",140,74,238,163,203,293,197,113,100,92.3,65.5,127,123,120,149,118,179,198,175,102,172,200,146,120,256,149,150,92.8,92.2,NA,65.5,113,146,149.924137931034,179,293
"Oct-01",135,70,238,165,213,284,211,132,101,92.9,65.8,127,125,108,154,127,193,200,175,104,174,202,149,137,274,159,169,95.3,89.7,NA,65.8,108,149,154.127586206897,193,284
"Oct-02",137,70,241,167,222,308,232,134,102,84.6,60.7,127,135,112,159,126,193,196,180,111,156,198,155,NA,288,166,189,96.4,88,NA,60.7,111.75,155.5,158.346428571429,193.75,308
"Oct-03",140,74,262,175,222,321,235,137,97.6,90,60.1,127,139,122,163,119,195,192,180,114,171,215,155,171,298,172,194,95.4,81.2,NA,60.1,119,163,162.665517241379,194,321
"Oct-04",143,74,297,177,218,318,227,149,98.8,91.8,64.2,130,148,129,161,128,208,192,187,117,187,218,157,203,329,186,200,101,78.7,NA,64.2,128,161,169.568965517241,203,329
"Oct-05",148,79,294,172,235,318,216,150,111,91.8,61.1,125,147,139,172,133,222,192,211,112,196,216,158,213,349,209,213,104,73.9,NA,61.1,125,172,174.510344827586,213,349
"Oct-06",143,80,294,166,267,324,212,156,124,93.8,60.3,121,148,134,192,134,267,195,254,115,203,211,157,218,357,230,204,110,81.2,NA,60.3,124,166,181.079310344828,218,357
"Oct-07",153,73,298,171,315,325,205,172,127,93.9,63.2,128,151,215,196,139,291,198,269,122,210,208,154,226,356,231,205,109,91.2,NA,63.2,128,196,189.493103448276,226,356
"Oct-08",186,68,312,174,340,336,200,172,135,95.6,76.8,125,179,199,188,142,285,206,279,129,205,206,159,230,344,221,207,108,90.8,NA,68,135,188,193.041379310345,221,344
"Oct-09",210,73,326,170,348,332,210,166,150,105,89.7,119,192,211,184,156,279,215,292,132,209,205,167,231,335,220,228,113,92.6,NA,73,150,205,198.631034482759,228,348
"Oct-10",208,76,336,163,362,340,217,172,170,108,90,121,188,210,182,186,274,224,296,137,229,210,161,232,341,253,230,121,88.2,NA,76,161,208,204.31724137931,232,362
"Oct-11",210,83,324,162,444,346,224,181,175,102,95,130,191,211,188,210,269,247,308,142,229,213,160,237,346,270,225,130,97.9,NA,83,160,210,212.065517241379,247,444
"Oct-12",205,98,326,165,422,340,216,206,180,106,93.1,131,195,205,192,224,270,256,329,143,225,239,168,233,349,276,251,125,97.6,NA,93.1,165,206,216.058620689655,256,422
"Oct-13",206,113,329,166,396,330,212,246,183,115,91.6,132,194,210,203,234,279,269,318,145,222,243,176,231,356,307,266,130,82.7,NA,82.7,166,212,220.18275862069,269,396
"Oct-14",225,115,327,183,389,330,221,263,186,125,90.6,135,192,212,199,258,290,268,312,149,221,250,178,242,356,301,271,139,85.7,NA,85.7,178,221,224.596551724138,271,389
"Oct-15",236,131,317,184,383,331,228,242,187,135,91.7,136,196,226,199,271,308,273,313,153,225,247,182,269,349,295,271,144,78.9,NA,78.9,182,228,227.641379310345,273,383
"Oct-16",238,149,308,206,376,348,243,229,185,141,92.7,137,205,234,211,269,299,283,336,170,232,252,184,277,347,301,272,149,73.6,NA,73.6,184,234,232.665517241379,283,376
"Oct-17",240,154,302,246,364,352,257,219,182,146,94.6,148,208,238,218,270,289,300,349,191,250,259,196,277,341,300,273,154,76.6,NA,76.6,191,246,237.731034482759,289,364
"Oct-18",243,161,354,264,354,366,264,214,182,146,88.8,162,218,233,218,266,288,290,338,197,254,269,199,278,337,299,266,155,79.4,NA,79.4,197,254,240.8,288,366
"Oct-19",247,163,335,279,351,356,259,212,179,142,90.9,161,213,232,231,262,311,280,329,197,248,259,215,277,332,291,269,161,81.8,NA,81.8,197,248,240.127586206897,280,356
"Oct-20",248,158,324,263,347,361,259,207,179,142,94.7,179,211,240,257,262,333,281,333,201,245,257,251,274,334,285,292,165,84.1,NA,84.1,201,257,243.68275862069,285,361
"Oct-21",248,154,320,249,341,362,267,213,180,146,93.2,185,210,239,240,261,311,282,339,206,244,271,238,268,341,283,296,169,86.5,NA,86.5,206,248,242.851724137931,283,362
"Oct-22",248,160,315,244,341,361,268,215,183,147,84.9,181,207,234,231,258,298,282,334,205,246,298,231,256,344,279,315,196,89.7,NA,84.9,205,246,243.158620689655,298,361
"Oct-23",248,157,313,261,355,364,264,212,190,145,86.5,195,206,233,229,270,291,283,332,214,246,298,238,259,350,276,315,203,92.7,NA,86.5,206,248,245.731034482759,291,364
"Oct-24",244,159,325,289,378,359,259,209,187,146,93.3,213,214,230,230,273,294,295,334,227,245,299,251,267,342,277,307,215,96.7,NA,93.3,214,251,250.275862068966,295,378
"Oct-25",240,165,332,294,359,356,257,208,186,147,94.9,212,217,226,233,275,285,324,346,252,244,300,257,290,333,273,316,218,115,NA,94.9,217,257,253.61724137931,300,359
"Oct-26",238,161,330,297,369,353,253,208,192,162,98.8,227,214,221,235,270,284,332,337,250,243,290,255,284,330,270,316,213,126,NA,98.8,214,253,253.751724137931,297,369
"Oct-27",240,158,329,282,378,353,251,211,195,174,103,228,212,229,231,270,289,330,343,267,246,286,264,279,326,276,297,252,118,NA,103,228,264,255.758620689655,289,378
"Oct-28",248,167,324,292,380,349,260,210,189,184,102,239,214,248,231,279,284,325,347,272,250,285,269,285,324,276,268,258,116,NA,102,231,268,257.758620689655,285,380
"Oct-29",251,168,321,304,400,350,264,213,196,190,112,267,212,259,230,278,281,324,348,287,248,282,278,314,323,284,229,268,119,NA,112,229,268,262.068965517241,304,400
"Oct-30",250,173,317,313,412,347,259,221,209,180,149,252,212,251,238,275,294,324,342,284,253,279,275,322,319,291,196,263,120,NA,120,221,263,262.758620689655,313,412
"Oct-31",254,178,308,318,426,343,260,221,218,170,176,240,213,228,234,273,301,323,339,275,259,279,273,428,308,282,230,252,120,NA,120,228,260,266.51724137931,308,428
"Nov-01",254,192,302,309,414,350,251,219,209,150,201,226,216,235,232,271,300,320,334,270,264,277,271,404,324,282,245,245,125,NA,125,226,264,265.241379310345,302,414
"Nov-02",254,191,281,304,391,355,246,215,202,150,208,228,237,242,226,291,294,321,309,268,264,284,272,371,326,286,251,246,124,NA,124,228,264,263.344827586207,294,391
"Nov-03",260,181,292,310,399,364,257,219,199,170,211,227,246,263,226,295,293,319,307,264,264,276,288,354,329,285,262,246,129,NA,129,227,264,266.724137931034,295,399
"Nov-04",262,178,292,312,401,370,262,238,198,197,217,229,238,268,226,285,290,319,326,260,249,277,288,343,336,286,283,248,134,NA,134,238,268,269.379310344828,292,401
"Nov-05",262,185,311,310,397,379,285,249,198,195,205,237,233,268,226,280,294,318,338,259,236,275,287,339,311,285,293,250,132,NA,132,236,275,270.241379310345,310,397
"Nov-06",249,182,314,290,396,384,285,243,197,202,214,238,235,265,224,263,295,321,319,259,256,274,280,334,327,286,287,257,128,NA,128,238,265,269.103448275862,295,396
"Nov-07",250,181,317,299,393,389,272,233,194,206,210,237,237,277,223,280,292,322,324,257,266,272,271,326,288,283,279,253,130,NA,130,237,272,267.620689655172,292,393
"Nov-08",248,171,325,308,436,386,272,226,189,213,207,238,257,332,224,285,287,334,310,259,277,271,271,320,291,281,277,260,140,NA,140,238,272,272.241379310345,308,436
"Nov-09",243,181,347,311,421,380,277,220,191,221,208,238,248,333,223,285,277,331,298,271,270,272,283,322,328,253,277,236,196,NA,181,236,272,273.827586206897,311,421
"Nov-10",247,186,328,309,395,369,278,210,193,228,207,239,245,301,223,289,287,321,304,269,266,277,295,323,338,281,280,217,220,NA,186,228,278,273.275862068966,304,395
"Nov-11",246,183,328,310,369,364,273,200,192,225,204,242,253,295,225,284,287,320,313,236,264,258,272,320,345,266,281,226,208,NA,183,226,266,268.586206896552,310,369
"Nov-12",244,187,354,312,337,361,270,190,196,221,200,240,258,273,220,282,304,318,325,218,260,178,276,319,340,242,276,214,203,NA,178,218,260,262.689655172414,312,361
"Nov-13",241,187,353,315,341,370,268,180,199,224,195,235,249,275,233,283,274,310,325,241,263,178,276,317,341,240,278,204,199,NA,178,224,263,261.862068965517,310,370
"Nov-14",241,178,354,315,321,383,269,190,204,224,194,229,248,281,205,275,271,320,323,249,262,203,281,318,344,260,275,219,196,NA,178,219,262,263.172413793103,315,383
"Nov-15",235,178,350,318,294,388,267,190,204,221,193,226,220,256,209,273,235,328,322,259,256,180,282,348,326,270,278,220,199,NA,178,220,256,259.48275862069,294,388
"Nov-16",240,189,348,309,293,387,267,190,203,219,195,231,234,261,232,280,245,337,288,260,262,169,279,383,345,277,277,224,194,NA,169,224,261,262.689655172414,288,387
"Nov-17",238,191,347,294,319,385,271,190,199,223,198,231,239,262,240,280,258,332,301,266,250,178,251,345,346,278,276,235,177,NA,177,231,258,262.068965517241,294,385
"Nov-18",238,181,347,297,341,384,278,190,217,218,196,222,228,263,244,283,269,328,316,275,247,198,265,296,305,250,278,265,169,NA,169,222,265,261.655172413793,296,384
"Nov-19",222,183,344,362,354,377,285,200,210,219,200,223,224,258,243,281,263,330,307,271,260,240,241,307,282,245,277,272,179,NA,179,223,260,264.103448275862,285,377
"Nov-20",216,179,336,388,359,352,286,200,208,224,205,219,218,267,237,280,264,337,281,269,270,259,241,322,308,251,274,250,177,NA,177,219,264,264.724137931034,286,388
"Nov-21",219,170,327,353,366,356,266,200,207,226,195,191,215,296,195,281,268,303,288,279,234,231,195,331,322,253,254,213,166,NA,166,207,253,255.172413793103,296,366
"Nov-22",231,170,334,335,342,375,261,200,207,225,177,191,210,290,170,264,255,289,299,272,180,244,208,325,345,267,236,191,169,NA,169,200,244,250.413793103448,290,375
"Nov-23",218,160,335,331,334,369,220,200,207,236,183,207,208,276,160,268,255,284,308,248,190,245,216,325,362,271,235,210,164,NA,160,207,236,249.137931034483,284,369
"Nov-24",215,160,335,318,351,383,232,200,198,233,170,214,204,248,180,242,256,230,314,264,200,245,231,314,384,273,251,224,164,NA,160,204,233,249.413793103448,273,384
"Nov-25",207,167,338,317,373,366,261,210,200,190,182,223,205,247,200,242,256,238,318,274,210,248,236,295,367,255,261,223,155,NA,155,207,242,250.48275862069,274,373
"Nov-26",205,168,347,305,339,356,307,210,210,199,182,220,218,240,192,250,256,260,280,236,210,263,195,303,362,237,245,223,165,NA,165,210,237,247.689655172414,280,362
"Nov-27",210,165,332,267,358,360,303,210,208,200,174,198,206,240,199,241,262,263,283,209,225,271,166,309,383,257,215,204,165,NA,165,204,225,244.241379310345,271,383
"Nov-28",220,160,332,278,354,362,279,200,170,202,172,192,195,209,199,254,269,262,297,228,229,281,148,316,361,269,223,195,166,NA,148,195,228,242.137931034483,279,362
"Nov-29",227,165,342,268,336,363,280,200,180,203,177,160,199,170,199,265,259,254,305,250,228,281,150,311,348,266,212,191,169,NA,150,191,228,239.931034482759,280,363
"Nov-30",230,165,352,240,350,359,288,210,190,204,176,150,198,180,196,273,253,262,306,267,235,241,159,267,295,264,211,203,171,NA,150,196,235,237.758620689655,267,359
"Dec-01",231,167,362,256,355,357,291,210,180,204,177,177,190,200,190,274,254,246,288,273,248,210,163,273,320,265,185,215,171,NA,163,190,231,239.034482758621,273,362
"Dec-02",236,170,368,240,339,354,279,190,190,204,180,188,200,185,196,275,219,258,270,283,258,230,166,277,325,245,209,193,176,NA,166,190,230,238.034482758621,275,368
"Dec-03",234,173,325,220,277,361,264,200,190,207,182,183,195,170,200,275,170,261,264,282,241,241,199,274,336,255,199,182,177,NA,170,190,220,232.310344827586,264,361
"Dec-04",232,175,321,200,270,355,210,190,190,209,182,168,186,180,208,261,175,258,266,264,140,255,289,265,310,245,193,179,176,NA,140,182,209,225.931034482759,264,355
"Dec-05",229,172,283,220,270,280,210,200,180,209,181,170,180,210,212,228,195,261,230,273,130,264,234,238,247,175,199,179,175,NA,130,180,210,214.965517241379,238,283
"Dec-06",222,173,273,239,270,240,220,200,180,206,185,179,180,218,210,248,165,266,235,267,130,263,226,199,212,151,215,179,159,NA,130,180,212,210.689655172414,239,273
"Dec-07",220,170,268,237,270,240,229,200,180,191,193,180,160,216,210,251,150,275,240,257,140,262,228,197,217,147,230,168,162,NA,140,180,216,209.931034482759,240,275
"Dec-08",230,160,250,249,280,260,216,190,170,185,192,180,150,217,208,256,135,280,245,243,130,258,239,178,194,154,244,178,159,NA,130,178,208,207.931034482759,245,280
"Dec-09",232,160,255,271,270,260,217,200,170,165,180,181,150,224,195,244,145,286,246,200,130,257,251,187,194,165,240,187,149,NA,130,170,200,207.275862068966,246,286
"Dec-10",233,160,270,285,270,240,214,200,160,160,183,181,150,228,190,249,140,288,245,204,140,258,247,192,202,190,234,199,138,NA,138,181,202,208.620689655172,245,288
"Dec-11",235,170,305,280,270,240,215,190,150,175,186,186,160,229,180,245,145,285,251,219,150,256,242,227,204,200,234,185,133,NA,133,180,215,211.965517241379,242,305
"Dec-12",239,170,335,268,270,263,220,180,155,187,184,193,160,229,190,225,150,288,250,230,150,256,238,239,202,217,243,179,146,NA,146,180,220,215.724137931034,243,335
"Dec-13",222,180,378,252,270,268,232,170,155,194,184,189,160,229,210,210,180,293,240,223,175,263,241,203,217,208,244,171,153,NA,153,180,210,217.724137931034,241,378
"Dec-14",231,180,334,253,260,281,220,180,165,197,187,188,160,233,200,160,240,299,250,218,192,257,247,186,243,217,242,171,152,NA,152,186,218,218.724137931034,247,334
"Dec-15",248,180,316,233,280,291,220,180,150,203,181,191,160,240,190,140,240,294,256,223,193,240,240,237,252,225,229,184,145,NA,140,184,225,219.344827586207,240,316
"Dec-16",247,175,316,246,292,299,230,170,150,201,170,191,160,221,200,150,245,258,260,217,193,224,222,252,249,223,216,192,130,NA,130,191,221,217.206896551724,247,316
"Dec-17",226,183,260,206,302,306,235,170,145,202,170,189,160,155,200,160,253,239,265,220,199,237,185,213,261,230,156,211,132,NA,132,170,206,209.310344827586,237,306
"Dec-18",220,175,240,180,312,300,246,160,135,160,160,185,160,150,200,170,246,236,267,200,199,217,208,226,260,238,179,207,147,NA,135,170,200,206.310344827586,238,312
"Dec-19",210,172,240,200,292,220,251,160,145,150,155,187,170,160,206,190,246,253,271,151,204,221,237,240,253,245,206,201,124,NA,124,170,206,205.51724137931,240,292
"Dec-20",198,169,240,220,280,180,256,150,145,160,160,186,190,170,204,180,247,281,271,169,201,229,239,254,250,244,222,204,159,NA,145,170,204,208.896551724138,244,281
"Dec-21",215,170,260,220,280,160,257,160,145,150,180,165,210,180,200,180,251,258,276,185,210,241,238,233,242,246,221,206,NA,NA,145,180,212.5,212.107142857143,243,280
"Dec-22",205,170,230,240,280,180,249,160,130,160,171,160,240,200,170,200,251,253,250,194,224,245,238,216,239,241,227,215,152,NA,130,171,216,210,240,280
"Dec-23",198,170,240,240,280,180,240,170,145,170,165,130,224,185,210,210,250,272,230,193,236,224,231,222,240,237,227,200,154,NA,130,180,222,209.413793103448,237,280
"Dec-24",190,170,240,240,280,200,240,180,150,150,170,150,210,200,220,200,210,256,240,192,232,227,225,233,204,239,233,177,156,NA,150,180,210,207.379310344828,233,280
"Dec-25",188,175,240,257,270,220,220,170,150,150,177,160,210,203,200,220,220,255,250,191,220,224,219,236,242,239,239,160,NA,NA,150,185.25,220,210.892857142857,239,270
"Dec-26",185,176,240,254,260,200,220,170,140,140,175,172,210,222,200,210,200,257,260,190,230,217,210,247,278,237,236,175,158,NA,140,176,210,209.275862068966,237,278
"Dec-27",195,175,230,261,260,220,220,160,150,150,163,179,210,224,200,210,190,260,260,191,233,190,175,260,257,239,204,198,154,NA,150,179,204,207.51724137931,233,261
"Dec-28",195,174,240,261,270,240,220,160,155,160,145,170,210,218,190,230,205,258,267,193,235,167,211,255,249,238,183,179,153,NA,145,174,210,207.965517241379,240,270
"Dec-29",200,170,240,269,280,260,200,170,165,176,170,177,215,213,210,230,210,255,280,186,236,149,256,264,256,235,223,151,154,NA,149,176,213,213.793103448276,255,280
"Dec-30",213,160,245,314,284,275,200,170,165,172,160,179,208,206,210,220,220,248,286,185,238,137,251,267,258,233,239,139,163,NA,137,172,213,215.344827586207,248,314
"Dec-31",223,160,254,356,282,275,200,170,160,174,170,180,210,195,200,233,250,239,286,176,238,159,227,256,239,224,239,162,163,NA,159,174,223,217.241379310345,239,356
"Min",108,55,97,77,128,142,136,70,68,59.7,60.1,75.9,81.3,85.1,81.3,88.2,119,128,134,87.9,74.3,101,95,85.3,112,93.7,94.5,69,67.3,NA,NA,NA,NA,NA,NA,NA
"Q1",175,88,166,200,254,280,208,124,111,102,94.6,109,124,150,146,168,206,224,255,149,132,178,154,171,239,201,174,142,91.5,NA,NA,NA,NA,NA,NA,NA
"Median",207,164,240,263,295,330,260,194,160,160,170,152,179,202,198,201,248,252,278,255,200,240,215,241.5,301,270,236,224,152,NA,NA,NA,NA,NA,NA,NA
"Mean",223.780821917808,150.72602739726,331.657534246575,279.024657534247,357.172602739726,372.86301369863,291.221917808219,185.328767123288,151.307945205479,154.638630136986,163.075068493151,151.139178082192,187.297534246575,214.815068493151,192.034246575342,224.120273972603,307.747945205479,306.364383561644,338.498630136986,235.789589041096,190.992602739726,241.290410958904,222.064383561644,244.764010989011,341.564383561644,303.563835616438,233.488767123288,216.719726027397,149.328650137741,NA,NA,NA,NA,NA,NA,NA
"Q3",240,194,329,310,380,379,293,240,183,187,201,185,211,240,224,273,302,289,333,282,242,271,259,302.25,351,327,274,262,196,NA,NA,NA,NA,NA,NA,NA
"Max",545,252,1530,1070,1370,1370,1240,353,268,498,714,300,551,730,462,583,1590,1150,1320,697,352,741,682,832,1350,1040,641,663,444,NA,NA,NA,NA,NA,NA,NA
