"","1979","1980","1981","1982","1983","1984","1985","1986","1987","1988","1989","1990","1991","1992","1993","1994","1995","1996","1997","1998","1999","2000","2001","2002","2003","2004","2005","2006","2007","2008","2009","2010","2011","2012","2013","2014","2015","2016","2017","2018","2019","2020","2021","2022","Min","Q1","Median","Mean","Q3","Max"
"Oct-01",259,135,255,185,461,300,357,240,376,119,102,137,124,145,89,135,70,238,165,213,284,211,132,101,92.9,65.8,127,125,108,154,127,193,200,175,104,174,202,149,137,274,159,169,95.3,89.7,65.8,122.75,151.5,176.220454545455,211.5,461
"Oct-02",259,133,255,190,470,350,357,230,381,121,110,165,131,140,90,137,70,241,167,222,308,232,134,102,84.6,60.7,127,135,112,159,126,193,196,180,111,156,198,155,NA,288,166,189,96.4,88,60.7,123.5,159,181.760465116279,226,470
"Oct-03",259,147,266,203,457,340,343,230,365,117,114,171,146,142,93,140,74,262,175,222,321,235,137,97.6,90,60.1,127,139,122,163,119,195,192,180,114,171,215,155,171,298,172,194,95.4,81.2,60.1,121.25,171,184.325,224,457
"Oct-04",265,162,259,211,439,330,334,235,355,125,114,184,162,151,149,143,74,297,177,218,318,227,149,98.8,91.8,64.2,130,148,129,161,128,208,192,187,117,187,218,157,203,329,186,200,101,78.7,64.2,129.75,180.5,190.738636363636,220.25,439
"Oct-05",268,160,252,214,430,325,322,235,348,139,104,191,163,152,138,148,79,294,172,235,318,216,150,111,91.8,61.1,125,147,139,172,133,222,192,211,112,196,216,158,213,349,209,213,104,73.9,61.1,138.75,181.5,193.222727272727,225.25,430
"Oct-06",268,160,242,211,417,320,318,235,348,155,108,192,185,154,132,143,80,294,166,267,324,212,156,124,93.8,60.3,121,148,134,192,134,267,195,254,115,203,211,157,218,357,230,204,110,81.2,60.3,134,192,197.643181818182,245,417
"Oct-07",262,160,233,220,426,315,311,245,343,163,110,191,193,152,145,153,73,298,171,315,325,205,172,127,93.9,63.2,128,151,215,196,139,291,198,269,122,210,208,154,226,356,231,205,109,91.2,63.2,149.5,197,203.734090909091,249.25,426
"Oct-08",259,164,233,229,422,305,313,250,334,176,110,190,191,153,156,186,68,312,174,340,336,200,172,135,95.6,76.8,125,179,199,188,142,285,206,279,129,205,206,159,230,344,221,207,108,90.8,68,155.25,195,206.436363636364,252.25,422
"Oct-09",259,172,236,226,409,300,312,255,332,184,107,186,200,153,160,210,73,326,170,348,332,210,166,150,105,89.7,119,192,211,184,156,279,215,292,132,209,205,167,231,335,220,228,113,92.6,73,159,207,210.256818181818,256,409
"Oct-10",256,174,239,229,405,345,307,250,317,177,110,186,195,153,165,208,76,336,163,362,340,217,172,170,108,90,121,188,210,182,186,274,224,296,137,229,210,161,232,341,253,230,121,88.2,76,164.5,209,214.390909090909,253.75,405
"Oct-11",256,179,239,242,409,365,308,260,313,184,109,179,189,160,162,210,83,324,162,444,346,224,181,175,102,95,130,191,211,188,210,269,247,308,142,229,213,160,237,346,270,225,130,97.9,83,162,210.5,220.543181818182,262.25,444
"Oct-12",256,184,236,255,405,350,341,260,313,193,110,179,199,160,162,205,98,326,165,422,340,216,206,180,106,93.1,131,195,205,192,224,270,256,329,143,225,239,168,233,349,276,251,125,97.6,93.1,167.25,211,224.288636363636,262.5,422
"Oct-13",256,194,233,255,413,335,361,255,322,195,111,177,214,160,160,206,113,329,166,396,330,212,246,183,115,91.6,132,194,210,203,234,279,269,318,145,222,243,176,231,356,307,266,130,82.7,82.7,173.5,218,227.870454545455,271.5,413
"Oct-14",256,196,249,259,413,345,356,255,314,206,112,176,213,164,168,225,115,327,183,389,330,221,263,186,125,90.6,135,192,212,199,258,290,268,312,149,221,250,178,242,356,301,271,139,85.7,85.7,177.5,223,231.711363636364,275.75,413
"Oct-15",256,199,277,263,413,350,351,250,313,215,119,172,216,170,170,236,131,317,184,383,331,228,242,187,135,91.7,136,196,226,199,271,308,273,313,153,225,247,182,269,349,295,271,144,78.9,78.9,179.5,232,234.9,281.5,413
"Oct-16",253,201,292,263,409,340,355,250,308,227,117,174,223,167,166,238,149,308,206,376,348,243,229,185,141,92.7,137,205,234,211,269,299,283,336,170,232,252,184,277,347,301,272,149,73.6,73.6,181.5,236,238.461363636364,293.75,409
"Oct-17",256,204,307,259,401,335,359,250,309,232,121,177,219,164,164,240,154,302,246,364,352,257,219,182,146,94.6,148,208,238,218,270,289,300,349,191,250,259,196,277,341,300,273,154,76.6,76.6,188.75,248,242.072727272727,300,401
"Oct-18",259,209,319,252,396,335,364,245,310,247,125,180,229,165,171,243,161,354,264,354,366,264,214,182,146,88.8,162,218,233,218,266,288,290,338,197,254,269,199,278,337,299,266,155,79.4,79.4,193.25,249.5,245.209090909091,292.25,396
"Oct-19",259,225,331,255,380,330,368,245,313,249,144,178,235,175,171,247,163,335,279,351,356,259,212,179,142,90.9,161,213,232,231,262,311,280,329,197,248,259,215,277,332,291,269,161,81.8,81.8,192.5,248.5,245.947727272727,296,380
"Oct-20",259,242,327,255,384,320,363,240,308,260,148,183,234,185,174,248,158,324,263,347,361,259,207,179,142,94.7,179,211,240,257,262,333,281,333,201,245,257,251,274,334,285,292,165,84.1,84.1,197,256,248.836363636364,296,384
"Oct-21",262,247,331,252,384,320,372,240,307,270,155,178,234,183,179,248,154,320,249,341,362,267,213,180,146,93.2,185,210,239,240,261,311,282,339,206,244,271,238,268,341,283,296,169,86.5,86.5,200.75,248.5,249.015909090909,298.75,384
"Oct-22",259,247,323,252,376,320,369,250,301,266,160,180,235,182,179,248,160,315,244,341,361,268,215,183,147,84.9,181,207,234,231,258,298,282,334,205,246,298,231,256,344,279,315,196,89.7,84.9,202.75,249,248.877272727273,298.75,376
"Oct-23",256,259,315,255,372,320,359,260,303,268,168,178,228,191,175,248,157,313,261,355,364,264,212,190,145,86.5,195,206,233,229,270,291,283,332,214,246,298,238,259,350,276,315,203,92.7,86.5,205.25,257.5,250.754545454545,299.25,372
"Oct-24",259,262,323,259,372,320,377,270,302,273,167,212,225,194,173,244,159,325,289,378,359,259,209,187,146,93.3,213,214,230,230,273,294,295,334,227,245,299,251,267,342,277,307,215,96.7,93.3,213.75,259,255.590909090909,299.75,378
"Oct-25",247,262,339,259,380,320,375,280,301,269,159,222,235,197,170,240,165,332,294,359,356,257,208,186,147,94.9,212,217,226,233,275,285,324,346,252,244,300,257,290,333,273,316,218,115,94.9,217.75,258,258.406818181818,304.75,380
"Oct-26",250,259,347,263,388,310,390,270,304,276,163,229,232,214,168,238,161,330,297,369,353,253,208,192,162,98.8,227,214,221,235,270,284,332,337,250,243,290,255,284,330,270,316,213,126,98.8,219.25,257,259.586363636364,305.5,390
"Oct-27",253,259,347,259,388,310,399,270,307,273,165,224,232,222,170,240,158,329,282,378,353,251,211,195,174,103,228,212,229,231,270,289,330,343,267,246,286,264,279,326,276,297,252,118,103,227,261.5,261.25,299.5,399
"Oct-28",262,265,339,252,376,310,389,265,311,272,169,236,227,221,171,248,167,324,292,380,349,260,210,189,184,102,239,214,248,231,279,284,325,347,272,250,285,269,285,324,276,268,258,116,102,230,265,262.272727272727,296.5,389
"Oct-29",262,262,343,255,376,320,388,260,312,270,170,235,228,216,179,251,168,321,304,400,350,264,213,196,190,112,267,212,259,230,278,281,324,348,287,248,282,278,314,323,284,229,268,119,112,228.75,265.5,265.363636363636,312.5,400
"Oct-30",259,265,343,259,392,335,369,260,323,272,173,235,231,200,185,250,173,317,313,412,347,259,221,209,180,149,252,212,251,238,275,294,324,342,284,253,279,275,322,319,291,196,263,120,120,228.5,261.5,266.386363636364,317.5,412
"Oct-31",256,265,343,259,384,345,381,260,324,270,173,240,233,219,190,254,178,308,318,426,343,260,221,218,170,176,240,213,228,234,273,301,323,339,275,259,279,273,428,308,282,230,252,120,120,229.5,260,269.795454545455,310.5,428
"Nov-01",271,271,343,259,372,355,378,260,319,272,173,231,242,219,197,254,192,302,309,414,350,251,219,209,150,201,226,216,235,232,271,300,320,334,270,264,277,271,404,324,282,245,245,125,125,229.75,267,269.409090909091,311.5,414
"Nov-02",277,284,335,259,353,365,386,255,312,275,175,225,232,187,214,254,191,281,304,391,355,246,215,202,150,208,228,237,242,226,291,294,321,309,268,264,284,272,371,326,286,251,246,124,124,227.5,266,267.522727272727,305.25,391
"Nov-03",284,303,331,259,357,370,417,255,315,275,176,234,224,174,222,260,181,292,310,399,364,257,219,199,170,211,227,246,263,226,295,293,319,307,264,264,276,288,354,329,285,262,246,129,129,226.75,264,271.159090909091,307.75,417
"Nov-04",296,310,327,259,365,370,415,250,320,270,178,247,245,207,213,262,178,292,312,401,370,262,238,198,197,217,229,238,268,226,285,290,319,326,260,249,277,288,343,336,286,283,248,134,134,238,269,274.636363636364,313.75,415
"Nov-05",293,307,327,263,376,370,378,255,318,271,182,251,252,213,214,262,185,311,310,397,379,285,249,198,195,205,237,233,268,226,280,294,318,338,259,236,275,287,339,311,285,293,250,132,132,236.75,273,275.159090909091,311,397
"Nov-06",290,307,331,266,384,385,386,255,323,270,184,243,251,221,214,249,182,314,290,396,384,285,243,197,202,214,238,235,265,224,263,295,321,319,259,256,274,280,334,327,286,287,257,128,128,241.75,268,275.318181818182,315.25,396
"Nov-07",300,310,339,270,365,395,395,260,321,272,189,239,237,219,220,250,181,317,299,393,389,272,233,194,206,210,237,237,277,223,280,292,322,324,257,266,272,271,326,288,283,279,253,130,130,237,272,274.818181818182,311.75,395
"Nov-08",307,314,411,273,372,460,389,260,319,266,202,235,247,219,224,248,171,325,308,436,386,272,226,189,213,207,238,257,332,224,285,287,334,310,259,277,271,271,320,291,281,277,260,140,140,237.25,272.5,281.659090909091,315.25,460
"Nov-09",324,310,381,273,380,445,388,250,309,269,207,235,259,242,228,243,181,347,311,421,380,277,220,191,221,208,238,248,333,223,285,277,331,298,271,270,272,283,322,328,253,277,236,196,181,237.5,272.5,282.75,322.5,445
"Nov-10",274,314,355,273,376,400,370,230,284,275,203,242,272,239,221,247,186,328,309,395,369,278,210,193,228,207,239,245,301,223,289,287,321,304,269,266,277,295,323,338,281,280,217,220,186,236.75,276,278.477272727273,310.25,400
"Nov-11",268,324,355,281,368,420,370,245,301,274,202,236,276,233,219,246,183,328,310,369,364,273,200,192,225,204,242,253,295,225,284,287,320,313,236,264,258,272,320,345,266,281,226,208,183,235.25,272.5,276.386363636364,314.75,420
"Nov-12",280,310,368,296,335,450,389,245,317,279,201,239,270,236,227,244,187,354,312,337,361,270,190,196,221,200,240,258,273,220,282,304,318,325,218,260,178,276,319,340,242,276,214,203,178,225.5,271.5,274.090909090909,317.25,450
"Nov-13",287,307,351,303,338,450,399,235,314,286,199,237,265,276,234,241,187,353,315,341,370,268,180,199,224,195,235,249,275,233,283,274,310,325,241,263,178,276,317,341,240,278,204,199,178,234.75,274.5,274.431818181818,314.25,450
"Nov-14",284,307,299,307,300,425,393,235,318,290,203,234,264,268,234,241,178,354,315,321,383,269,190,204,224,194,229,248,281,205,275,271,320,323,249,262,203,281,318,344,260,275,219,196,178,232.75,270,272.568181818182,309,425
"Nov-15",268,300,277,303,283,410,323,240,331,278,199,227,261,240,234,235,178,350,318,294,388,267,190,204,221,193,226,220,256,209,273,235,328,322,259,256,180,282,348,326,270,278,220,199,178,224.75,264,265.886363636364,300.75,410
"Nov-16",277,307,273,307,306,405,330,245,339,276,219,237,243,223,235,240,189,348,309,293,387,267,190,203,219,195,231,234,261,232,280,245,337,288,260,262,169,279,383,345,277,277,224,194,169,231.75,264.5,269.090909090909,306.25,405
"Nov-17",284,324,277,307,327,400,342,245,344,264,226,244,253,237,236,238,191,347,294,319,385,271,190,199,223,198,231,239,262,240,280,258,332,301,266,250,178,251,345,346,278,276,235,177,177,236.75,263,270.681818181818,310,400
"Nov-18",293,324,296,307,357,395,320,250,331,247,219,247,266,247,236,238,181,347,297,341,384,278,190,217,218,196,222,228,263,244,283,269,328,316,275,247,198,265,296,305,250,278,265,169,169,237.5,265.5,270.977272727273,305.5,395
"Nov-19",296,317,311,288,368,380,328,240,351,257,211,241,257,242,233,222,183,344,362,354,377,285,200,210,219,200,223,224,258,243,281,263,330,307,271,260,240,241,307,282,245,277,272,179,179,238.25,261.5,272.25,308,380
"Nov-20",290,293,299,319,357,385,320,235,349,267,206,239,262,244,234,216,179,336,388,359,352,286,200,208,224,205,219,218,267,237,280,264,337,281,269,270,259,241,322,308,251,274,250,177,177,234.75,267,272.181818181818,310.75,388
"Nov-21",290,268,299,299,338,375,333,240,360,269,204,241,239,245,224,219,170,327,353,366,356,266,200,207,226,195,191,215,296,195,281,268,303,288,279,234,231,195,331,322,253,254,213,166,166,218,260,264.181818181818,300,375
"Nov-22",290,284,315,311,300,327,341,235,343,278,204,237,245,238,221,231,170,334,335,342,375,261,200,207,225,177,191,210,290,170,264,255,289,299,272,180,244,208,325,345,267,236,191,169,169,209.5,258,259.795454545455,302.75,375
"Nov-23",290,280,303,303,244,302,326,215,330,275,211,227,249,202,221,218,160,335,331,334,369,220,200,207,236,183,207,208,276,160,268,255,284,308,248,190,245,216,325,362,271,235,210,164,160,210.75,246.5,254.613636363636,302.25,369
"Nov-24",277,284,303,303,239,327,349,190,330,261,209,241,254,235,212,215,160,335,318,351,383,232,200,198,233,170,214,204,248,180,242,256,230,314,264,200,245,231,314,384,273,251,224,164,160,213.5,243.5,255.613636363636,303,384
"Nov-25",268,287,284,303,253,343,346,215,325,272,194,238,254,241,193,207,167,338,317,373,366,261,210,200,190,182,223,205,247,200,242,256,238,318,274,210,248,236,295,367,255,261,223,155,155,210,250.5,256.363636363636,289,373
"Nov-26",274,287,288,245,310,334,312,225,302,264,192,235,252,245,180,205,168,347,305,339,356,307,210,210,199,182,220,218,240,192,250,256,260,280,236,210,263,195,303,362,237,245,223,165,165,210,245,252.909090909091,291.5,362
"Nov-27",268,277,292,252,268,334,263,235,308,245,181,225,216,251,170,210,165,332,267,358,360,303,210,208,200,174,198,206,240,199,241,262,263,283,209,225,271,166,309,383,257,215,204,165,165,207.5,243,247,272.5,383
"Nov-28",277,230,299,236,271,348,267,265,321,250,188,200,217,252,185,220,160,332,278,354,362,279,200,170,202,172,192,195,209,199,254,269,262,297,228,229,281,148,316,361,269,223,195,166,148,199.75,243,246.090909090909,278.25,362
"Nov-29",271,210,307,252,271,330,288,265,324,244,191,195,217,250,200,227,165,342,268,336,363,280,200,180,203,177,160,199,170,199,265,259,254,305,250,228,281,150,311,348,266,212,191,169,150,199,250,244.840909090909,280.25,363
"Nov-30",277,220,307,311,271,310,290,255,308,240,188,190,220,170,190,230,165,352,240,350,359,288,210,190,204,176,150,198,180,196,273,253,262,306,267,235,241,159,267,295,264,211,203,171,150,194.5,240,241.863636363636,279.75,359
"Dec-01",280,230,299,323,280,280,289,260,295,248,175,198,210,200,182,231,167,362,256,355,357,291,210,180,204,177,177,190,200,190,274,254,246,288,273,248,210,163,273,320,265,185,215,171,163,196,247,242.75,280,362
"Dec-02",284,250,299,263,283,290,263,270,287,258,170,196,212,230,195,236,170,368,240,339,354,279,190,190,204,180,188,200,185,196,275,219,258,270,283,258,230,166,277,325,245,209,193,176,166,195.75,242.5,242.113636363636,277.5,368
"Dec-03",280,290,311,263,287,299,228,270,268,266,175,203,211,233,185,234,173,325,220,277,361,264,200,190,207,182,183,195,170,200,275,170,261,264,282,241,241,199,274,336,255,199,182,177,170,198,237.5,238.772727272727,274.25,361
"Dec-04",284,293,319,270,290,302,236,240,270,271,175,210,208,235,177,232,175,321,200,270,355,210,190,190,209,182,168,186,180,208,261,175,258,266,264,140,255,289,265,310,245,193,179,176,140,189,235.5,234.818181818182,270,355
"Dec-05",274,296,292,266,287,309,220,230,292,269,170,214,217,241,168,229,172,283,220,270,280,210,200,180,209,181,170,180,210,212,228,195,261,230,273,130,264,234,238,247,175,199,179,175,130,191.5,224,226.795454545455,266.75,309
"Dec-06",277,296,266,284,287,290,230,240,305,278,190,211,209,256,172,222,173,273,239,270,240,220,200,180,206,185,179,180,218,210,248,165,266,235,267,130,263,226,199,212,151,215,179,159,130,188.75,221,225.022727272727,266,305
"Dec-07",274,303,266,292,287,300,233,275,307,296,206,207,217,273,180,220,170,268,237,270,240,229,200,180,191,193,180,160,216,210,251,150,275,240,257,140,262,228,197,217,147,230,168,162,140,192.5,228.5,227.363636363636,268.5,307
"Dec-08",210,307,255,288,239,302,241,270,299,257,205,206,206,260,193,230,160,250,249,280,260,216,190,170,185,192,180,150,217,208,256,135,280,245,243,130,258,239,178,194,154,244,178,159,130,188.75,223.5,222,256.25,307
"Dec-09",200,307,255,292,256,296,270,230,245,249,207,206,212,265,205,232,160,255,271,270,260,217,200,170,165,180,181,150,224,195,244,145,286,246,200,130,257,251,187,194,165,240,187,149,130,187,220.5,220.590909090909,255.25,307
"Dec-10",210,307,250,296,271,299,314,190,240,263,206,208,216,262,211,233,160,270,285,270,240,214,200,160,160,183,181,150,228,190,249,140,288,245,204,140,258,247,192,202,190,234,199,138,138,190,215,222.568181818182,259,314
"Dec-11",260,271,255,292,277,302,324,185,230,261,205,187,218,201,214,235,170,305,280,270,240,215,190,150,175,186,186,160,229,180,245,145,285,251,219,150,256,242,227,204,200,234,185,133,133,186,223,223.386363636364,257,324
"Dec-12",280,215,259,263,331,306,312,200,245,236,207,190,208,221,214,239,170,335,268,270,263,220,180,155,187,184,193,160,229,190,225,150,288,250,230,150,256,238,239,202,217,243,179,146,146,190,223,225.977272727273,256.75,335
"Dec-13",290,230,263,277,320,302,304,240,260,231,208,205,207,210,210,222,180,378,252,270,268,232,170,155,194,184,189,160,229,210,210,180,293,240,223,175,263,241,203,217,208,244,171,153,153,200.75,222.5,228.886363636364,260.75,378
"Dec-14",260,277,255,281,293,306,290,240,272,210,206,206,207,160,212,231,180,334,253,260,281,220,180,165,197,187,188,160,233,200,160,240,299,250,218,192,257,247,186,243,217,242,171,152,152,191,225.5,227.681818181818,257.75,334
"Dec-15",240,290,270,281,300,309,314,240,288,200,204,208,203,155,213,248,180,316,233,280,291,220,180,150,203,181,191,160,240,190,140,240,294,256,223,193,240,240,237,252,225,229,184,145,140,192.5,231,229,259.5,316
"Dec-16",240,293,277,281,313,283,321,250,263,195,185,209,210,158,196,247,175,316,246,292,299,230,170,150,201,170,191,160,221,200,150,245,258,260,217,193,224,222,252,249,223,216,192,130,130,192.75,222.5,226.659090909091,258.5,321
"Dec-17",240,293,277,242,324,265,299,245,250,210,175,207,215,160,210,226,183,260,206,302,306,235,170,145,202,170,189,160,155,200,160,253,239,265,220,199,237,185,213,261,230,156,211,132,132,184.5,214,220.045454545455,250.75,324
"Dec-18",250,296,270,296,320,255,299,240,240,220,160,179,205,162,200,220,175,240,180,312,300,246,160,135,160,160,185,160,150,200,170,246,236,267,200,199,217,208,226,260,238,179,207,147,135,178,212.5,217.613636363636,247,320
"Dec-19",250,296,266,292,327,255,280,230,230,224,165,178,193,165,188,210,172,240,200,292,220,251,160,145,150,155,187,170,160,206,190,246,253,271,151,204,221,237,240,253,245,206,201,124,124,176.5,215,215.886363636364,250.25,327
"Dec-20",270,300,270,288,327,255,288,215,220,215,170,190,175,160,210,198,169,240,220,280,180,256,150,145,160,160,186,190,170,204,180,247,281,271,169,201,229,239,254,250,244,222,204,159,145,178.75,215,218.431818181818,254.25,327
"Dec-21",280,300,277,281,335,230,314,220,250,210,175,201,162,170,220,215,170,260,220,280,160,257,160,145,150,180,165,210,180,200,180,251,258,276,185,210,241,238,233,242,246,221,206,NA,145,180,220,222.418604651163,254,335
"Dec-22",274,303,284,273,338,225,321,220,270,220,183,198,159,180,212,205,170,230,240,280,180,249,160,130,160,171,160,240,200,170,200,251,253,250,194,224,245,238,216,239,241,227,215,152,130,182.25,222,221.590909090909,249.25,338
"Dec-23",274,296,281,239,345,200,310,225,256,220,185,200,167,175,210,198,170,240,240,280,180,240,170,145,170,165,130,224,185,210,210,250,272,230,193,236,224,231,222,240,237,227,200,154,130,185,223,219.454545454545,240,345
"Dec-24",274,284,281,251,327,220,298,230,247,220,170,197,180,185,209,190,170,240,240,280,200,240,180,150,150,170,150,210,200,220,200,210,256,240,192,232,227,225,233,204,239,233,177,156,150,188.75,220,217.886363636364,240,327
"Dec-25",265,290,292,270,303,275,282,225,251,215,160,193,190,170,202,188,175,240,257,270,220,220,170,150,150,177,160,210,203,200,220,220,255,250,191,220,224,219,236,242,239,239,160,NA,150,190.5,220,220.651162790698,250.5,303
"Dec-26",271,296,323,252,270,300,298,215,247,210,155,192,200,170,230,185,176,240,254,260,200,220,170,140,140,175,172,210,222,200,210,200,257,260,190,230,217,210,247,278,237,236,175,158,140,188.75,216,220.409090909091,252.5,323
"Dec-27",260,284,327,249,280,280,298,210,246,205,152,190,210,175,218,195,175,230,261,260,220,220,160,150,150,163,179,210,224,200,210,190,260,260,191,233,190,175,260,257,239,204,198,154,150,190,210,218.227272727273,257.75,327
"Dec-28",230,280,323,259,260,260,298,200,240,195,152,193,200,170,220,195,174,240,261,270,240,220,160,155,160,145,170,210,218,190,230,205,258,267,193,235,167,211,255,249,238,183,179,153,145,182,214.5,216.159090909091,250.5,323
"Dec-29",220,230,299,259,220,270,298,205,235,190,160,195,190,175,222,200,170,240,269,280,260,200,170,165,176,170,177,215,213,210,230,210,255,280,186,236,149,256,264,256,235,223,151,154,149,183.75,217.5,217.454545454545,255.25,299
"Dec-30",200,220,292,255,220,280,302,215,240,195,170,196,177,180,213,213,160,245,314,284,275,200,170,165,172,160,179,208,206,210,220,220,248,286,185,238,137,251,267,258,233,239,139,163,137,179.75,214,218.181818181818,248.75,314
"Dec-31",180,240,296,255,220,280,302,215,255,195,180,195,193,185,196,223,160,254,356,282,275,200,170,160,174,170,180,210,195,200,233,250,239,286,176,238,159,227,256,239,224,239,162,163,159,180,217.5,220.159090909091,251,356
"Jan-01",180,290,296,249,200,260,280,230,250,195,190,195,203,180,208,227,160,255,501,283,275,200,170,160,173,180,175,211,210,180,245,257,227,282,172,240,177,165,249,223,190,239,196,161,160,180,209,222.477272727273,249.25,501
"Jan-02",180,290,284,231,200,250,302,250,244,190,200,194,192,175,212,228,150,257,517,294,260,220,160,160,176,167,170,209,217,190,248,251,243,279,148,240,195,136,251,220,174,238,195,158,136,179,214.5,221.477272727273,250,517
"Jan-03",190,293,270,255,225,275,304,240,243,185,185,191,188,170,195,233,150,263,429,301,260,220,170,170,177,150,160,210,217,190,230,247,266,281,147,242,211,171,245,229,180,237,201,160,147,183.75,218.5,221.727272727273,249,429
"Jan-04",210,293,273,255,250,275,304,230,240,190,158,195,183,175,200,232,150,250,300,303,260,220,170,180,179,130,160,208,218,210,200,247,257,280,146,241,226,218,225,242,211,238,198,166,130,188.25,219,220.363636363636,250,304
"Jan-05",220,300,273,226,310,275,298,240,240,190,175,200,180,180,190,233,150,260,260,302,276,220,170,160,182,100,150,201,211,210,210,252,266,282,145,230,233,272,194,280,222,231,189,181,100,187.25,221,222.022727272727,261.5,310
"Jan-06",230,284,263,212,380,270,302,250,235,195,173,191,190,185,180,235,160,260,260,271,278,200,170,170,170,120,150,201,195,210,230,254,284,282,156,190,229,260,182,301,247,240,192,182,120,184.25,220.5,223.159090909091,260,380
"Jan-07",240,310,239,202,390,260,311,250,230,195,165,197,196,190,165,206,160,260,280,270,280,200,160,170,160,140,160,204,180,200,240,200,264,280,170,204,219,240,180,302,245,245,201,171,140,180,204,221.159090909091,252.5,390
"Jan-08",250,303,242,212,380,255,308,250,222,195,155,204,204,180,180,233,160,266,280,270,281,220,140,170,150,160,160,207,230,200,239,190,258,277,186,219,217,240,254,300,200,242,200,165,140,189,219.5,223.954545454545,254.25,380
"Jan-09",250,300,249,239,365,250,292,275,215,200,165,201,200,175,190,235,170,268,301,270,282,220,160,180,150,175,170,188,218,210,234,210,256,285,204,229,215,240,319,305,226,248,185,140,140,189.5,223,228.613636363636,259,365
"Jan-10",260,303,249,239,350,245,280,280,208,203,185,206,195,180,170,236,187,272,306,270,285,240,170,160,140,165,160,189,217,230,229,235,249,282,198,241,214,236,292,315,253,222,176,130,130,188.5,232.5,228.454545454545,262.5,350
"Jan-11",260,317,239,239,350,260,286,255,220,208,180,209,200,185,195,239,180,268,296,270,289,240,160,170,150,160,150,208,200,212,230,245,241,260,185,245,215,186,243,306,256,214,152,157,150,185.75,225,225.681818181818,257,350
"Jan-12",290,346,235,242,330,245,272,235,235,205,185,209,205,190,200,239,167,260,190,280,290,220,170,170,160,160,140,198,150,206,231,252,260,220,163,247,216,195,204,311,244,226,155,143,140,188.75,218,220.25,245.5,346
"Jan-13",300,303,230,245,295,245,270,225,242,203,175,210,200,195,185,238,166,260,170,280,289,220,180,170,180,170,150,198,155,206,231,253,263,230,147,247,216,222,184,312,233,223,176,132,132,180,221,218.727272727273,245.5,312
"Jan-14",300,314,230,242,290,230,274,235,250,204,175,210,198,195,205,241,170,260,180,280,287,240,170,160,181,160,150,199,155,190,232,254,265,260,143,247,203,227,161,309,199,216,198,155,143,180.75,213,219.181818181818,251,314
"Jan-15",310,314,235,250,285,210,300,265,240,205,175,211,195,190,220,241,173,267,200,285,288,240,170,160,181,155,150,200,160,190,234,250,256,270,145,249,194,230,132,303,201,195,188,162,132,186.25,210.5,219.863636363636,251.5,314
"Jan-16",310,303,236,249,255,220,281,280,220,198,180,213,192,190,205,243,176,267,220,280,292,240,170,160,180,170,170,183,160,180,230,249,257,250,148,240,210,236,125,286,214,195,189,166,125,180,217,218.590909090909,249.25,310
"Jan-17",310,307,236,252,270,225,289,270,210,203,181,214,190,190,210,245,175,267,220,280,289,240,160,160,170,170,180,193,155,200,220,252,281,230,155,240,206,236,158,287,246,220,202,160,155,187.75,220,221.681818181818,252,310
"Jan-18",300,310,245,252,285,230,283,265,230,190,190,180,188,185,185,245,177,220,240,290,291,240,160,160,180,160,205,204,155,220,210,252,278,250,160,240,214,238,196,305,262,207,196,NA,155,189,220,224.953488372093,252,310
"Jan-19",280,300,249,249,296,220,291,260,245,175,186,175,192,165,190,241,183,230,256,306,293,240,190,160,180,165,199,205,160,206,200,255,276,265,168,240,215,235,237,322,256,223,192,NA,160,190,230,227.232558139535,256,322
"Jan-20",270,235,252,211,296,235,293,260,260,185,191,178,181,150,200,239,170,250,260,306,294,246,180,160,190,172,193,202,175,191,190,254,240,268,172,240,214,238,253,304,261,224,178,NA,150,187.5,235,224.674418604651,257,306
"Jan-21",270,230,252,210,303,285,301,240,240,185,191,180,179,160,185,239,170,260,266,305,294,240,170,170,200,166,190,198,170,170,190,255,255,288,176,230,200,236,252,286,260,241,169,NA,160,182.5,230,224.581395348837,257.5,305
"Jan-22",260,240,255,242,296,300,290,240,250,190,194,183,178,170,195,240,170,261,260,303,292,245,180,165,200,155,189,202,180,160,200,256,279,282,180,235,173,237,254,263,245,245,195,NA,155,186,240,226.255813953488,258,303
"Jan-23",250,255,259,280,306,290,274,240,260,190,193,204,189,190,180,240,170,250,240,290,290,247,170,155,200,160,189,202,170,160,210,256,269,271,186,240,210,234,262,251,258,248,202,154,154,189.75,240,226,258.25,306
"Jan-24",250,296,263,286,310,292,288,240,265,195,173,199,187,200,193,239,180,240,240,290,293,252,180,155,198,165,188,194,165,160,233,254,274,260,193,224,213,236,262,267,256,244,179,169,155,191.75,237.5,228.181818181818,262.25,310
"Jan-25",250,296,259,271,300,290,286,215,270,206,170,205,182,205,196,243,190,230,240,290,240,254,180,160,200,160,188,200,160,160,234,253,276,268,198,240,217,235,264,284,252,243,160,160,160,194.5,234.5,226.818181818182,260.25,300
"Jan-26",240,240,249,279,300,290,284,215,270,209,165,202,179,206,182,252,196,220,260,309,260,255,180,170,201,165,189,199,160,170,190,254,273,275,213,240,222,226,261,266,258,244,162,159,159,189.75,224,225.886363636364,260,309
"Jan-27",230,230,249,271,306,288,284,245,265,182,170,200,182,204,193,251,180,220,260,308,260,254,160,160,226,178,190,197,155,180,160,255,274,260,212,241,224,239,231,279,257,244,172,166,155,182,230,224.818181818182,257.75,308
"Jan-28",230,210,255,259,306,285,291,260,269,180,175,201,189,201,185,247,180,230,260,305,260,220,140,160,218,176,193,192,155,190,180,252,272,250,211,214,228,239,207,294,254,247,176,159,140,188,219,222.840909090909,256,306
"Jan-29",230,200,259,240,293,280,280,255,265,182,180,198,177,207,185,239,170,220,257,305,260,200,130,155,209,175,195,199,155,200,200,252,271,268,210,237,229,239,241,304,246,250,184,165,130,192.5,224.5,222.636363636364,255.5,305
"Jan-30",230,190,259,249,303,278,260,250,263,182,185,197,184,207,179,240,180,210,258,312,240,180,140,150,221,175,197,195,160,200,200,252,275,268,223,245,219,239,265,313,198,249,203,167,140,188.75,220,222.5,253.5,313
"Jan-31",230,190,259,252,306,280,250,250,263,182,198,197,189,207,165,200,180,210,263,302,240,200,150,160,234,173,197,196,160,180,210,253,250,266,235,235,217,218,258,302,222,245,194,182,150,193,217.5,221.590909090909,250.5,306
"Feb-01",230,205,255,245,290,290,238,250,264,173,179,197,192,206,165,190,211,210,277,284,240,220,160,160,268,160,194,196,170,180,220,252,225,267,247,236,212,188,256,292,256,244,192,173,160,191.5,220,221.795454545455,252.75,292
"Feb-02",240,220,242,234,293,275,263,240,267,165,176,191,199,209,165,195,253,210,266,308,260,220,160,160,234,150,194,196,160,190,227,252,210,271,235,199,223,199,250,307,261,250,203,169,150,194.75,221.5,222.522727272727,252.25,308
"Feb-03",240,245,249,200,290,288,264,235,270,160,170,188,200,180,170,202,220,220,262,316,260,240,170,160,216,160,193,197,175,200,228,252,230,268,227,209,223,203,228,324,264,234,204,168,160,196,221.5,222.772727272727,249.75,324
"Feb-04",260,293,249,168,265,292,238,230,268,170,160,185,197,175,168,202,218,240,240,318,260,244,160,170,222,160,196,196,185,190,229,253,275,250,233,183,224,206,260,349,260,163,201,173,160,184.5,223,222.227272727273,254.75,349
"Feb-05",270,290,242,144,240,282,245,220,264,180,150,178,197,165,160,203,215,250,220,313,250,243,170,170,211,178,200,196,200,180,230,252,269,245,244,152,227,205,258,352,263,149,202,165,144,179.5,217.5,219.068181818182,250,352
"Feb-06",270,290,236,149,230,280,257,210,265,193,160,185,197,170,180,205,214,258,200,307,260,242,160,170,190,167,189,185,197,200,231,252,269,240,241,126,266,217,260,309,257,185,204,160,126,185,212,218.931818181818,257.25,309
"Feb-07",280,290,245,154,259,290,265,190,267,193,170,183,197,180,187,215,218,319,200,311,270,242,160,175,180,172,197,202,197,200,231,248,270,245,232,154,384,221,260,297,207,261,205,153,153,189.25,216.5,226.727272727273,262,384
"Feb-08",270,290,242,158,306,275,280,175,267,194,175,191,196,190,192,207,219,451,220,308,280,243,150,180,200,176,194,211,205,201,231,247,271,250,235,172,370,229,256,314,210,259,206,154,150,193.5,219.5,232.954545454545,267.75,451
"Feb-09",270,255,245,158,300,275,278,185,268,197,160,199,196,202,200,210,212,540,240,307,281,249,160,170,210,175,187,197,206,202,231,235,261,268,237,194,358,229,270,310,201,251,185,NA,158,197,229,236.372093023256,268,540
"Feb-10",270,245,233,170,300,290,280,215,268,198,160,195,197,202,203,229,205,362,240,297,260,253,160,160,210,173,190,190,203,200,230,230,261,269,232,218,342,230,326,287,205,253,174,NA,160,199,230,232.906976744186,264.5,362
"Feb-11",270,230,230,185,303,288,279,220,265,196,180,200,197,204,205,233,180,293,255,297,240,251,170,170,190,174,200,185,203,191,225,245,266,266,220,235,315,235,318,252,211,229,182,NA,170,196.5,229,229.837209302326,260,318
"Feb-12",280,240,230,191,306,295,290,225,270,196,185,199,199,206,188,223,180,280,253,298,240,250,160,160,180,166,198,170,204,188,220,256,268,265,233,234,300,239,270,257,225,260,194,NA,160,195,230,229.558139534884,262.5,306
"Feb-13",280,280,236,199,313,300,270,225,276,198,190,170,198,207,186,226,170,280,251,297,260,249,170,150,200,140,199,200,203,188,210,252,270,263,246,233,294,238,268,235,238,237,193,NA,140,198.5,235,229.953488372093,265.5,313
"Feb-14",290,280,259,207,317,310,270,230,285,201,185,166,202,207,188,224,170,282,251,290,281,251,160,160,217,150,198,209,200,186,220,249,271,259,243,235,292,235,264,251,243,248,192,NA,150,200.5,235,233.209302325581,267,317
"Feb-15",290,280,266,251,313,290,284,230,275,202,185,168,211,206,182,224,180,284,255,302,282,255,170,150,214,160,184,203,200,184,220,251,276,255,242,237,293,241,268,264,253,245,192,NA,150,201,242,235.279069767442,271.5,313
"Feb-16",290,280,255,285,317,300,272,250,271,202,185,185,224,210,176,236,182,283,262,304,281,251,180,160,214,180,170,180,200,186,225,250,279,243,237,237,281,259,277,253,255,257,201,NA,160,200.5,250,237.790697674419,274.5,317
"Feb-17",280,287,292,334,313,300,270,258,264,199,180,190,216,204,165,238,182,283,269,295,283,243,190,170,214,175,180,170,199,187,227,250,273,262,234,236,258,267,280,264,252,237,197,NA,165,198,243,238.767441860465,271.5,334
"Feb-18",270,296,277,338,313,290,270,288,267,204,178,188,208,196,165,241,186,291,267,300,281,220,198,165,212,183,190,160,201,184,231,250,268,261,231,240,270,280,284,272,231,207,209,NA,160,199.5,240,238.627906976744,274.5,338
"Feb-19",260,314,299,362,324,270,270,286,260,205,174,186,206,202,170,233,211,295,265,286,279,220,198,165,208,187,200,170,202,186,228,247,270,249,233,239,285,268,306,250,226,188,201,NA,165,201.5,233,239.139534883721,270,362
"Feb-20",250,317,303,412,320,280,274,267,249,204,173,184,209,227,170,225,273,280,262,296,280,240,196,160,208,179,200,180,203,190,227,230,273,257,235,233,283,259,294,207,243,194,205,NA,160,203.5,235,240.720930232558,273.5,412
"Feb-21",250,307,273,435,317,298,264,260,259,205,172,181,216,223,176,223,295,275,256,299,280,262,195,155,215,172,200,190,204,191,227,205,267,265,234,241,275,239,307,208,246,203,205,NA,155,204.5,239,241.162790697674,270,435
"Feb-22",250,300,263,450,320,288,271,258,264,204,173,179,220,222,179,230,259,276,252,299,280,271,195,165,217,174,199,200,204,191,227,210,261,279,240,240,202,254,299,209,205,214,208,156,156,203.5,228.5,237.659090909091,265.75,450
"Feb-23",250,296,263,342,324,280,262,265,262,203,174,186,220,216,179,231,242,255,256,279,283,272,195,170,215,181,195,193,208,195,231,225,266,272,245,239,178,218,285,210,215,219,213,169,169,201,228,233.568181818182,263.5,342
"Feb-24",240,293,270,302,327,295,262,297,258,206,178,190,212,210,178,230,242,240,257,296,285,265,195,175,150,182,192,191,193,193,241,230,249,252,235,241,229,210,271,204,236,241,208,171,150,194.5,235.5,232.318181818182,259,327
"Feb-25",240,293,270,310,342,290,257,321,251,207,183,192,210,213,176,220,250,230,255,295,290,253,190,165,130,182,194,190,199,192,240,235,230,262,230,243,259,246,264,200,248,244,201,167,130,197.75,237.5,233.159090909091,257.5,342
"Feb-26",250,300,273,329,342,288,247,349,271,208,187,193,208,217,173,224,237,220,262,292,287,240,190,150,150,183,193,196,205,190,237,240,222,257,235,235,262,247,248,223,256,251,205,175,150,202.75,236,235.159090909091,258.25,349
"Feb-27",250,314,273,321,327,268,247,337,265,211,184,191,206,215,167,230,216,210,259,291,281,255,180,160,170,180,194,223,205,188,215,249,260,254,238,238,264,254,248,184,253,257,208,173,160,202.25,238,234.386363636364,259.25,337
"Feb-28",260,324,263,310,320,280,260,314,250,214,185,187,204,219,201,233,202,210,255,265,296,264,170,170,180,179,194,444,193,192,210,250,263,255,243,242,259,258,246,183,254,261,204,177,170,199.25,244.5,239.613636363636,261.5,444
"Mar-01",250,307,259,315,331,285,270,307,254,239,185,187,209,234,168,228,191,210,245,294,307,257,180,160,190,177,194,334,209,195,238,250,252,253,260,240,229,244,255,189,244,248,215,167,160,194.75,242,237.613636363636,257.5,334
"Mar-02",250,303,255,305,376,280,265,314,255,245,186,189,212,238,171,233,185,220,261,302,298,253,190,170,180,175,192,254,210,190,248,252,263,258,258,229,231,252,257,206,244,242,213,185,170,202.5,244.5,238.522727272727,258,376
"Mar-03",240,303,255,278,401,275,260,317,260,240,185,195,212,236,175,237,199,240,256,298,298,253,180,160,196,176,187,245,198,184,291,254,272,259,260,247,241,251,259,201,241,253,212,202,160,200.5,243,240.5,260,401
"Mar-04",230,303,259,271,417,270,247,306,283,226,185,194,212,267,175,237,195,270,259,293,294,258,190,165,199,181,188,242,204,193,264,260,270,262,255,258,222,254,269,201,236,248,207,202,165,201.75,247.5,241.386363636364,267.5,417
"Mar-05",230,303,263,270,413,272,260,293,322,228,183,194,224,264,181,231,189,279,247,281,280,265,207,175,200,179,185,221,203,194,247,258,266,276,243,259,227,265,266,201,234,257,207,191,175,202.5,245,241.659090909091,266,413
"Mar-06",240,296,266,250,349,278,260,293,368,232,192,193,202,252,192,224,171,255,253,280,260,268,209,180,203,180,182,221,218,186,242,262,260,274,266,368,252,284,256,211,258,268,215,181,171,207.5,252,244.318181818182,266.5,368
"Mar-07",262,290,259,260,324,275,259,299,364,225,195,194,203,245,203,216,170,260,261,289,290,269,211,185,205,178,179,219,257,188,220,266,268,243,260,336,259,278,252,215,256,295,220,176,170,209.5,256.5,244.954545454545,268.25,364
"Mar-08",262,287,259,252,313,280,260,354,318,224,206,198,206,238,208,222,175,285,263,269,296,264,211,175,219,185,177,217,288,194,230,269,267,257,258,311,257,274,266,243,252,303,214,179,175,213.25,257,247.386363636364,270.25,354
"Mar-09",250,290,259,258,317,287,250,328,300,228,248,196,201,232,207,221,182,339,252,293,295,257,213,170,233,190,183,212,258,194,215,269,271,270,256,316,256,263,296,248,246,300,217,174,170,214.5,251,248.636363636364,275,339
"Mar-10",244,293,259,261,349,300,259,301,285,223,275,202,207,228,198,228,202,453,368,297,295,262,211,180,249,204,185,190,249,192,225,260,271,280,256,373,255,263,408,256,239,287,225,154,154,220,256,259.113636363636,285.5,453
"Mar-11",250,307,255,269,401,305,254,293,277,220,287,221,208,228,191,230,229,484,402,302,290,260,207,193,280,204,183,192,277,197,215,247,276,301,265,329,258,288,405,254,238,286,215,193,183,218.75,256.5,265.136363636364,288.5,484
"Mar-12",256,293,259,261,380,307,252,285,274,218,268,202,204,229,183,226,216,475,373,304,289,247,202,193,316,202,179,192,390,202,220,251,266,301,267,283,260,303,354,250,245,294,209,183,179,214.25,257.5,262.795454545455,293.25,475
"Mar-13",262,280,263,257,345,315,252,281,291,222,253,200,205,229,190,218,191,398,321,315,295,255,204,191,319,204,173,197,454,202,225,255,268,294,275,271,261,302,333,267,258,274,214,190,173,211.75,259.5,260.659090909091,291.75,454
"Mar-14",262,287,263,257,349,328,261,273,284,224,225,199,207,231,197,221,180,337,295,330,298,259,207,187,340,197,170,195,405,199,235,252,274,290,294,268,258,297,360,318,249,280,229,181,170,217.5,260,260.272727272727,294.25,405
"Mar-15",268,293,266,252,320,315,260,265,274,225,215,201,206,233,196,227,177,324,276,344,313,257,200,181,314,191,168,202,312,196,251,253,287,308,335,262,277,276,406,353,249,292,224,173,168,212.75,261,259.477272727273,296.75,406
"Mar-16",284,271,270,245,296,320,259,267,267,217,223,194,206,236,197,230,174,335,322,373,323,248,202,180,294,191,164,202,274,197,289,261,302,351,347,264,295,262,444,337,252,287,228,172,164,214.25,263,262.545454545455,295.25,444
"Mar-17",280,271,266,249,303,313,270,266,264,219,223,203,206,239,196,223,166,310,396,416,307,257,201,183,269,190,162,204,295,192,282,275,283,381,317,282,290,269,424,311,253,291,232,165,162,215.75,267.5,263.5,292,424
"Mar-18",268,287,259,249,303,299,280,255,275,229,208,207,206,233,203,209,166,292,432,362,307,252,204,184,249,192,156,207,306,197,270,292,275,375,274,257,293,256,420,288,256,305,234,165,156,207.75,256.5,259.909090909091,292,432
"Mar-19",274,287,255,247,293,302,290,256,266,243,211,243,214,228,214,208,169,290,484,342,326,260,213,186,238,204,160,202,295,201,265,271,274,325,263,247,276,245,472,281,261,296,247,172,160,214,258,261.272727272727,287.75,484
"Mar-20",268,280,255,240,287,334,292,257,258,264,201,278,217,227,212,191,164,304,524,344,346,242,235,190,232,198,163,197,280,201,285,254,264,278,279,255,270,258,457,271,271,300,259,186,163,224.5,258.5,262.909090909091,280,524
"Mar-21",277,287,259,238,287,371,295,267,255,274,204,272,211,223,203,195,165,325,479,369,369,242,231,200,225,191,160,198,251,199,300,257,274,290,288,242,270,269,413,273,277,301,243,163,160,220,263,263.227272727273,287.25,479
"Mar-22",277,287,263,238,300,330,284,285,261,254,204,252,209,214,201,189,158,319,402,423,433,260,222,209,220,188,157,197,233,187,310,261,280,347,266,244,266,270,434,335,283,306,235,163,157,212.75,261,264.909090909091,290.25,434
"Mar-23",277,284,270,232,300,323,284,276,257,245,203,240,205,217,208,186,153,302,376,528,411,265,221,228,232,178,150,201,223,190,274,252,277,421,249,247,264,257,405,448,286,302,230,175,150,220,254.5,267.090909090909,284.5,528
"Mar-24",284,274,263,238,296,327,280,284,254,229,201,208,203,216,220,178,149,262,338,565,392,245,220,233,220,167,144,211,221,202,257,246,278,403,244,254,262,254,372,450,300,300,225,178,144,219,250,262.431818181818,284,565
"Mar-25",293,271,263,238,290,309,280,272,251,236,204,204,201,215,214,187,149,239,309,524,398,249,220,228,218,134,143,228,222,211,263,251,279,380,246,265,261,254,362,393,312,296,231,175,134,217.25,250,258.363636363636,282.5,524
"Mar-26",290,265,277,248,283,306,262,264,253,266,228,206,201,213,237,189,151,275,320,468,406,259,213,216,221,124,143,239,224,204,248,243,277,402,262,286,255,246,346,313,308,285,227,156,124,219.75,254,256.931818181818,283.5,468
"Mar-27",287,274,281,245,283,306,280,270,244,260,228,206,200,220,228,189,150,279,356,427,379,267,197,207,210,114,143,214,234,201,230,238,277,369,264,275,252,250,336,300,318,270,229,155,114,213,251,253.227272727273,280.25,427
"Mar-28",293,265,273,249,283,296,260,293,242,235,225,204,202,220,224,198,149,277,331,387,326,291,190,199,213,111,147,219,234,186,256,241,276,343,276,256,258,249,322,309,330,275,242,157,111,217.5,252.5,250.272727272727,285,387
"Mar-29",290,271,296,245,290,296,276,305,223,234,227,202,203,215,227,188,144,271,303,353,325,266,190,194,209,105,145,236,206,198,275,249,268,324,281,258,249,249,315,309,312,274,257,158,105,208.25,253,247.977272727273,290,353
"Mar-30",287,271,292,238,293,302,265,309,246,231,221,204,202,213,237,185,146,261,295,340,320,257,180,191,209,89.3,136,243,212,185,240,264,276,319,285,258,243,245,355,327,290,278,217,135,89.3,211.25,245.5,245.279545454545,287.75,355
"Mar-31",271,262,273,248,300,306,273,312,254,231,223,205,209,212,233,190,149,266,301,344,304,250,175,196,208,77.4,134,229,206,198,264,252,330,357,287,248,244,248,351,343,290,284,213,136,77.4,208.75,249,247.418181818182,287.75,357
"Apr-01",262,274,266,244,280,309,280,288,252,239,215,213,223,210,231,184,152,286,277,346,304,253,181,197,213,83.6,135,222,200,189,260,247,361,411,285,247,253,248,335,338,281,270,227,128,83.6,213,250,247.718181818182,280.25,411
"Apr-02",259,274,263,244,277,306,295,288,258,252,215,220,227,209,240,185,152,302,278,347,285,254,179,199,218,90.4,134,210,198,186,258,239,379,358,281,252,250,251,335,334,277,268,231,115,90.4,213.75,252,247.1,278.75,379
"Apr-03",256,268,255,251,277,309,310,280,254,257,206,224,220,208,230,181,150,282,272,352,292,241,175,185,213,91.5,136,207,187,194,264,242,356,328,281,253,238,262,329,283,281,253,235,111,91.5,207.75,253,242.715909090909,280.25,356
"Apr-04",262,274,249,242,268,323,320,282,262,240,207,228,223,214,226,187,150,275,275,346,291,252,174,180,201,93.3,136,228,188,196,263,235,317,324,271,252,246,277,320,300,294,260,235,120,93.3,212.25,250.5,243.325,275.5,346
"Apr-05",268,280,249,233,268,338,320,273,269,236,207,217,228,217,228,179,152,275,257,356,284,276,171,172,201,102,129,284,186,199,256,238,316,316,280,250,235,278,321,299,309,270,238,120,102,214.5,253,245,280,356
"Apr-06",296,287,263,240,268,352,320,263,266,252,214,193,230,209,211,175,156,288,253,364,280,270,175,174,203,100,123,329,181,195,265,241,311,309,279,248,231,267,319,333,321,287,223,115,100,207.5,258,247.25,287.25,364
"Apr-07",324,277,255,232,274,357,330,268,259,252,224,179,218,198,205,167,158,338,265,359,280,251,172,172,196,97.9,126,284,173,198,284,235,301,291,268,253,219,268,335,367,303,306,219,98.5,97.9,198,254,246.281818181818,285.75,367
"Apr-08",303,271,249,232,280,357,340,279,256,239,228,174,202,200,204,153,156,386,262,349,290,233,172,170,195,84.8,114,263,181,197,315,237,298,297,262,268,220,278,356,394,319,314,217,77.9,77.9,199.25,252.5,247.106818181818,297.25,394
"Apr-09",307,274,249,232,280,361,350,279,243,238,212,182,200,191,209,138,153,425,265,340,296,240,172,170,196,83.3,112,256,192,197,345,224,302,293,240,293,217,294,349,358,385,316,204,65.4,65.4,196.75,241.5,248.356818181818,297.5,425
"Apr-10",290,271,242,231,271,361,355,276,239,238,199,170,199,191,213,134,151,462,254,319,276,242,173,172,197,87.4,107,248,196,199,341,221,302,289,241,313,220,312,332,328,356,324,210,88.9,87.4,198.5,241.5,246.393181818182,304.5,462
"Apr-11",277,268,245,290,268,348,360,279,241,244,201,166,193,188,212,137,146,422,242,332,292,231,173,165,195,85.3,105,240,186,196,323,222,302,306,241,313,214,319,322,344,316,327,207,94,85.3,194.5,241.5,244.938636363636,307.75,422
"Apr-12",274,265,245,360,265,338,365,288,232,250,200,171,192,185,209,136,143,372,233,346,299,230,169,162,197,87.3,109,231,184,210,319,219,300,327,235,319,213,328,322,361,302,301,203,108,87.3,195.75,234,245.552272727273,306.25,372
"Apr-13",274,274,245,350,256,334,365,299,223,258,197,164,197,188,200,132,139,338,240,335,303,231,165,155,191,107,119,235,169,265,327,230,296,320,234,302,203,369,323,339,290,262,189,95.7,95.7,190.5,242.5,243.811363636364,302.25,369
"Apr-14",274,287,245,345,262,338,370,288,223,262,195,143,198,180,195,123,151,318,239,330,301,208,160,144,195,115,125,243,146,370,334,216,300,309,226,274,202,376,335,327,289,253,192,107,107,194.25,244,243.477272727273,303,376
"Apr-15",280,296,263,315,256,404,400,279,223,254,199,148,203,179,182,117,153,303,234,349,291,197,157,168,198,122,126,240,148,414,307,215,292,304,223,274,197,355,335,320,287,266,199,105,105,193.25,247,244.931818181818,297.75,414
"Apr-16",296,293,299,300,259,499,420,276,224,253,198,146,204,180,182,120,152,299,239,353,289,198,153,146,189,143,129,224,146,306,288,227,294,298,207,258,198,332,331,337,292,249,187,92.4,92.4,185.75,244,243.304545454545,296.5,499
"Apr-17",307,287,315,298,268,483,430,268,213,285,194,133,203,186,188,118,153,301,255,336,295,202,145,141,184,157,131,219,120,275,280,236,321,300,206,250,193,316,331,328,289,246,178,92.6,92.6,185.5,248,242.195454545455,298.5,483
"Apr-18",310,296,307,286,274,493,430,259,201,294,183,119,200,191,191,112,134,294,258,317,306,193,136,129,181,156,133,205,146,303,296,239,331,302,205,257,189,309,328,307,283,254,178,93.4,93.4,182.5,255.5,241.1,302.25,493
"Apr-19",300,290,327,272,280,461,422,254,187,283,174,106,199,187,197,99,130,284,276,317,319,181,135,121,157,140,127,197,158,312,308,239,313,302,216,255,178,304,317,297,288,257,184,104,99,177,254.5,237.590909090909,300.5,461
"Apr-20",287,284,372,262,283,445,390,255,183,269,174,89,197,173,188,98,133,287,313,304,335,191,140,112,149,132,125,186,160,296,321,247,294,296,213,244,156,311,305,294,324,262,163,98.6,89,162.25,251,235.013636363636,296,445
"Apr-21",284,296,368,263,290,430,375,261,172,263,170,92,196,164,180,96,126,286,326,313,328,184,157,112,151,129,123,190,160,248,354,257,295,311,199,236,137,336,310,299,361,275,154,97.9,92,159.25,252.5,235.338636363636,301.75,430
"Apr-22",290,293,323,268,290,445,357,271,159,256,165,95,197,167,170,106,128,278,311,324,310,182,156,114,148,125,122,198,160,257,393,291,283,324,202,251,142,378,295,326,339,288,148,98.7,95,158.25,256.5,236.902272727273,298.75,445
"Apr-23",381,293,319,279,303,445,348,347,156,263,145,100,189,160,167,120,127,274,325,369,296,192,147,105,156,113,109,216,160,268,439,278,283,377,195,281,146,408,301,355,302,284,140,102,100,153.75,271,244.613636363636,307,445
"Apr-24",401,290,372,293,331,430,345,313,144,259,136,87,191,153,151,112,128,308,359,470,266,187,151,88.9,161,111,114,204,160,272,399,258,278,402,191,266,154,421,316,343,313,271,135,110,87,151,262.5,246.475,319.75,470
"Apr-25",361,324,411,308,331,390,338,286,126,244,123,84,195,146,149,100,121,298,348,463,256,189,145,75.9,158,112,119,198,149,259,348,233,274,425,180,258,156,407,320,331,299,248,139,112,75.9,145.75,246,239.475,325.75,463
"Apr-26",338,314,398,321,303,385,336,275,122,226,103,97,197,140,156,98,110,280,339,405,254,185,148,71.6,172,107,126,181,159,242,333,215,273,515,168,280,157,385,310,326,309,225,132,113,71.6,146,225.5,234.763636363636,315.75,515
"Apr-27",338,290,407,327,283,385,354,265,123,211,85,100,199,132,146,99,97,268,349,382,251,162,151,93,174,112,120,174,157,246,318,207,266,641,152,262,134,349,304,340,318,229,108,115,85,133.5,220,232.340909090909,318,641
"Apr-28",346,287,368,327,277,385,387,251,117,211,65,116,196,125,128,100,114,259,374,390,250,141,148,90.4,156,131,108,173,160,265,318,191,265,510,142,246,134,300,279,375,296,247,113,115,65,130.25,228.5,226.736363636364,297,510
"Apr-29",353,307,364,326,265,395,405,231,102,216,69,113,193,122,112,97,123,246,378,410,261,132,144,84.9,125,133,117,167,178,331,323,180,263,440,138,231,137,278,254,411,287,216,120,123,69,124.5,216,225.020454545455,311,440
"Apr-30",353,328,376,318,247,395,406,215,104,205,57,107,190,120,117,98,135,237,367,406,249,124,140,83.1,119,121,124,176,204,353,324,176,263,402,132,202,140,251,247,391,274,248,127,122,57,124,204.5,222.115909090909,319.5,406
"May-01",361,296,402,308,219,435,396,203,113,187,48,102,188,102,111,90,129,228,362,413,242,108,149,77.8,110,117,121,200,214,300,311,164,268,379,121,186,147,231,248,359,251,292,159,118,48,120.25,201.5,217.404545454545,297,435
"May-02",357,280,466,299,214,440,405,199,109,183,42,98,187,83,108,85,123,233,350,440,254,95,145,74.4,110,114,118,178,224,264,308,157,248,340,121,185,155,211,240,321,222,247,171,110,42,117,193,211.668181818182,268,466
"May-03",350,307,402,302,219,456,454,208,102,163,40,94,183,73,109,88,116,227,336,459,257,109,141,79.1,118,123,119,155,296,249,312,152,252,316,128,202,155,179,222,257,191,244,158,139,40,122,187,210.025,266.75,459
"May-04",346,321,360,316,209,435,469,268,99,160,37,91,170,88,128,89,106,218,339,461,244,125,138,112,134,130,122,135,268,236,309,146,243,288,121,230,161,173,222,237,153,236,147,142,37,129.5,171.5,208.227272727273,268,469
"May-05",350,335,299,312,209,410,401,276,86,153,34,86,165,122,123,84,101,222,347,465,224,150,135,121,144,141,124,128,238,244,300,137,244,258,120,235,173,192,262,243,150,218,145,145,34,133.25,182.5,205.704545454545,259,465
"May-06",338,338,266,289,217,410,328,259,86,151,39,83,162,122,127,78,242,231,367,476,206,151,128,122,138,127,135,123,221,268,311,148,250,248,121,227,175,229,382,269,150,215,143,140,39,133.25,210.5,209.909090909091,266.5,476
"May-07",321,401,239,270,201,385,280,264,93,164,55,105,161,128,175,79,381,209,365,476,182,148,118,120,118,124,137,130,211,289,312,148,257,228,118,197,180,309,615,340,160,214,155,148,55,135.25,189.5,220.681818181818,282.25,615
"May-08",300,489,220,255,191,375,261,266,106,166,118,102,162,143,174,83,302,192,359,486,172,139,110,113,108,129,136,135,208,284,294,164,291,220,128,163,171,353,657,412,168,201,159,146,83,138.25,173,222.977272727273,285.75,657
"May-09",284,560,200,244,193,395,226,261,114,155,162,98,172,142,175,119,245,179,337,457,173,133,108,108,111,131,136,134,214,275,263,165,320,211,136,157,158,387,540,459,159,195,146,137,98,136.75,174,219.863636363636,261.5,560
"May-10",262,565,197,236,196,440,218,268,122,129,182,89,173,117,163,147,227,171,348,399,177,129,118,107,108,134,135,127,239,248,249,160,316,235,139,172,151,388,507,491,152,216,143,128,89,134.75,175,218.590909090909,248.25,565
"May-11",256,503,273,231,201,451,217,286,127,104,197,81,194,107,142,158,248,159,387,369,172,120,117,99.2,109,137,125,124,265,222,236,168,285,229,150,185,149,357,542,478,158,228,128,117,81,127.75,189.5,217.981818181818,258.25,542
"May-12",239,444,270,225,193,516,214,257,128,86,165,92,206,102,150,205,288,191,419,320,152,111,127,98.3,118,123,103,129,299,204,218,160,270,221,158,175,153,318,665,470,169,247,115,114,86,127.75,192,218.802272727273,260.25,665
"May-13",220,389,233,218,181,579,195,239,133,95,126,102,195,96,189,223,282,245,441,304,136,95,157,102,113,112,83.4,156,348,179,198,145,295,229,200,166,178,304,855,448,201,241,111,110,83.4,131.25,195,223.804545454545,242,855
"May-14",209,353,220,210,173,852,166,229,133,109,108,103,208,97,233,182,250,298,492,300,159,101,222,110,101,107,87,171,344,160,193,153,341,250,239,158,182,336,816,427,241,234,113,108,87,128,200.5,233.590909090909,250,852
"May-15",186,335,255,192,173,1300,155,227,138,106,95,99,206,106,261,165,227,370,543,280,162,132,268,127,101,103,121,207,317,155,185,161,407,284,226,159,228,419,699,402,270,243,124,113,95,136.5,199,250.727272727273,272.5,1300
"May-16",196,397,288,178,193,1600,136,200,288,122,94,99,197,108,276,169,233,428,587,274,174,127,244,128,111,114,155,266,305,172,177,161,451,325,183,182,314,478,587,403,283,237,129,128,94,150.25,196.5,270.386363636364,292.25,1600
"May-17",214,426,277,185,178,1440,130,173,468,167,87,97,197,102,294,161,240,513,647,293,176,158,196,126,107,108,281,331,306,223,176,171,417,378,184,237,407,428,549,466,289,237,140,145,87,165.5,218.5,284.659090909091,342.75,1440
"May-18",214,397,273,198,158,1230,122,172,425,164,90,95,247,98,304,159,252,499,647,283,171,149,156,137,101,117,245,388,323,308,237,201,378,358,192,317,353,416,514,523,279,258,153,149,90,157.5,246,282.954545454545,354.25,1230
"May-19",231,405,292,236,143,1160,119,195,379,142,94,91,254,107,317,173,268,440,581,261,173,140,153,162,99.1,107,327,487,343,432,398,228,338,310,168,345,327,486,458,579,253,295,164,151,91,159.75,257.5,291.161363636364,353.5,1160
"May-20",256,431,355,282,137,1220,115,207,367,125,94,94,221,108,340,165,272,381,529,239,171,148,152,193,91.4,78.6,372,598,374,485,466,250,311,295,151,310,294,554,400,631,235,407,160,137,78.6,151.75,264,300.045454545455,375.75,1220
"May-21",277,466,438,282,129,1230,94,269,369,104,95,90,205,103,358,155,284,324,507,262,183,165,140,228,100,78.2,365,687,372,485,426,244,290,314,144,316,281,543,346,676,212,385,143,137,78.2,143.75,279,302.3,369.75,1230
"May-22",328,575,534,288,133,1070,106,287,369,118,96,109,219,98,363,164,318,298,536,291,203,228,133,191,111,84,339,623,341,390,393,242,297,383,153,385,305,503,326,710,202,335,121,133,84,148,294,305.25,372.5,1070
"May-23",365,737,550,299,133,1070,196,267,343,159,109,125,238,98,346,162,328,300,528,338,238,288,145,148,145,90.7,399,546,310,337,423,288,352,378,149,466,337,458,350,744,182,309,135,128,90.7,156.5,304.5,319.015909090909,368.25,1070
"May-24",494,801,581,310,149,1030,238,242,332,195,112,160,266,102,341,164,307,330,576,347,314,317,173,128,199,86.7,378,469,276,323,526,290,427,331,148,552,374,421,478,846,174,287,148,119,86.7,173.75,312,337.765909090909,422.5,1030
"May-25",536,898,662,323,191,949,266,254,309,232,105,179,283,106,351,170,287,287,544,356,420,341,203,116,255,87.1,323,439,258,311,562,263,469,312,149,605,381,379,625,927,172,264,136,110,87.1,200,298,349.888636363636,424.75,949
"May-26",526,904,797,352,262,949,317,355,364,228,102,166,280,122,376,187,311,282,512,375,488,319,219,120,333,80.6,292,440,236,305,514,236,472,305,150,663,420,351,599,972,174,274,159,108,80.6,225.75,314,363.559090909091,448,972
"May-27",616,801,731,386,365,874,343,624,392,241,97,170,251,144,410,212,316,305,461,405,528,282,221,131,374,80.3,283,404,229,282,523,236,457,309,158,739,472,343,490,984,191,310,154,190,80.3,227,329.5,375.325,463.75,984
"May-28",580,737,690,411,565,803,366,796,374,226,103,184,222,124,446,240,285,356,450,402,549,335,216,156,399,101,304,424,242,303,553,272,439,282,171,741,460,340,402,969,214,346,154,291,101,236.5,351,386.886363636364,452.5,969
"May-29",498,686,702,428,610,789,348,1020,356,233,123,201,208,117,450,194,284,391,484,395,668,353,199,209,506,126,336,366,229,319,621,384,426,272,177,670,444,325,411,1000,215,442,170,276,117,225.5,361,401.386363636364,487.5,1020
"May-30",422,675,748,423,620,888,307,1190,314,233,121,283,221,108,444,164,305,394,533,400,897,318,175,318,646,118,333,326,215,317,693,390,439,269,171,589,467,325,499,983,231,553,178,369,108,260,351,423,538,1190
"May-31",373,669,1010,409,545,1100,265,1310,339,229,114,323,218,100,472,173,326,387,625,384,818,283,158,383,714,112,317,285,222,343,847,374,419,279,164,542,520,333,678,981,271,643,187,291,100,269.5,358,443.977272727273,565,1310
"Jun-01",328,686,943,379,493,1170,273,1400,321,209,104,300,208,99,507,198,415,360,826,357,716,243,161,382,609,105,451,273,225,381,960,404,387,316,155,498,659,341,825,1040,319,663,209,253,99,250.5,369.5,457.977272727273,621.5,1400
"Jun-02",293,819,865,348,470,1120,289,1350,265,205,111,250,239,101,509,201,469,367,825,393,742,220,169,498,486,102,409,279,234,419,873,432,395,430,155,463,682,343,931,946,358,544,274,245,101,248.75,394,457.227272727273,517.75,1350
"Jun-03",293,819,878,337,448,994,258,1140,233,192,165,231,318,104,524,198,562,436,774,582,878,241,185,393,404,109,352,385,241,413,747,625,391,573,166,486,614,373,986,870,449,501,340,279,104,253.75,398.5,465.613636363636,590,1140
"Jun-04",331,790,821,338,545,949,249,930,204,263,212,227,399,97,505,220,1200,580,843,528,860,266,172,316,342,142,315,442,247,420,742,742,376,635,160,505,561,414,1070,842,548,489,411,357,97,265.25,417,491.022727272727,661.75,1200
"Jun-05",389,754,809,347,550,943,277,800,197,357,202,208,618,94,510,215,1530,724,991,466,773,274,161,263,302,218,316,433,281,381,983,825,370,697,160,495,518,491,1300,828,584,455,444,444,94,280,449.5,522.204545454545,731.5,1530
"Jun-06",426,720,1010,347,493,903,314,760,202,349,236,201,754,90,537,214,1330,699,1010,433,758,272,145,271,281,285,362,413,453,375,1040,802,458,573,184,490,515,576,1350,810,583,509,434,444,90,306.75,455.5,532.068181818182,728.5,1350
"Jun-07",377,669,990,339,484,874,349,740,214,286,321,213,825,86,504,213,1350,693,1030,448,707,265,133,260,283,247,380,427,417,362,1080,901,605,461,218,474,515,697,1050,765,641,614,303,413,86,298.75,454.5,527.795454545455,699.5,1350
"Jun-08",335,648,984,355,515,859,383,660,217,254,334,204,810,81,483,199,1180,805,1370,452,667,267,127,254,279,207,381,581,362,338,905,944,696,401,277,441,510,800,1230,750,562,499,277,394,81,278.5,446.5,529.022727272727,709.5,1370
"Jun-09",296,637,970,323,580,789,326,590,229,204,354,200,777,79,461,172,969,997,1210,440,603,256,120,240,296,199,382,713,347,319,769,898,713,383,297,407,589,832,1200,717,477,419,258,390,79,296,413,509.704545454545,714,1210
"Jun-10",280,637,859,319,620,762,290,530,269,196,350,320,772,81,493,164,776,1070,1120,422,543,225,124,229,298,300,349,730,369,310,658,870,653,351,333,422,633,666,1020,748,406,349,262,471,81,299.5,414,492.022727272727,660,1120
"Jun-11",310,703,772,327,772,917,248,480,238,191,337,432,811,90,545,166,683,998,1170,436,491,204,137,209,278,262,338,570,462,306,614,804,618,321,352,419,630,569,898,659,359,303,233,670,90,296.75,434,484.818181818182,661.75,1170
"Jun-12",342,737,737,381,802,988,232,430,236,198,297,379,1010,99,380,174,726,915,1130,463,478,216,157,190,259,214,380,495,417,301,577,743,659,286,306,401,522,469,848,573,385,304,195,912,99,279.25,393,475.977272727273,675.75,1130
"Jun-13",373,714,696,457,653,971,231,420,231,207,285,347,1010,97,311,182,830,855,1160,635,517,239,175,179,246,198,363,462,382,277,550,680,724,294,280,392,457,395,936,517,523,300,182,1170,97,269.25,393.5,479.613636363636,659.75,1170
"Jun-14",365,686,668,565,530,999,223,420,208,182,283,335,877,99,305,188,957,816,1080,698,579,209,173,180,232,193,339,483,367,271,599,685,818,321,267,375,392,352,942,492,548,313,174,974,99,258.25,371,471.863636363636,672.25,1080
"Jun-15",328,675,618,623,484,1070,221,405,219,182,328,342,686,123,307,168,1090,833,1030,658,648,232,170,213,222,189,358,500,353,299,665,758,851,309,229,338,351,325,825,474,518,274,163,764,123,231.25,352,464.045454545455,659.75,1090
"Jun-16",314,637,565,696,502,1160,225,400,213,180,381,330,607,183,346,164,1220,850,980,742,829,231,176,233,208,182,413,427,333,326,722,931,865,308,201,360,328,354,797,584,481,288,158,624,158,232.5,370.5,478.5,651.75,1220
"Jun-17",307,653,581,766,502,1220,211,394,181,182,334,319,544,168,351,152,1360,843,930,800,1240,194,170,245,208,171,456,386,332,367,800,1150,797,331,192,348,302,304,817,570,536,419,132,594,132,236.5,376.5,496.795454545455,681.25,1360
"Jun-18",426,703,529,827,535,1230,194,375,183,182,278,320,484,150,335,140,1400,765,1120,773,1170,178,146,258,212,181,440,354,285,421,883,974,738,364,187,324,294,277,821,781,518,362,115,649,115,246.5,369.5,497.295454545455,744.75,1400
"Jun-19",422,708,504,840,511,1230,170,347,193,177,277,319,468,152,342,131,1370,629,1010,872,1130,191,123,248,204,197,378,337,244,440,782,836,737,323,217,280,284,270,816,794,485,328,113,629,113,237.25,344.5,478.590909090909,715.25,1370
"Jun-20",369,749,539,930,466,1650,166,310,170,183,270,322,492,150,408,134,1160,536,885,936,1050,169,122,207,209,198,363,313,233,439,860,850,715,278,230,264,263,256,849,710,458,323,106,581,106,224.75,343,474.340909090909,711.25,1650
"Jun-21",365,784,534,984,443,2100,160,294,164,182,227,332,464,148,427,136,956,501,798,890,939,148,123,197,197,199,420,284,234,460,1420,882,743,254,207,270,246,256,944,749,423,340,102,494,102,205,352.5,486.818181818182,744.5,2100
"Jun-22",365,819,495,1020,422,2020,145,286,174,181,202,359,446,145,517,126,933,535,737,881,863,148,130,217,179,205,551,261,222,545,1590,889,833,261,225,290,233,252,907,759,367,367,95.7,446,95.7,214,366,491.902272727273,742.5,2020
"Jun-23",350,843,471,1150,417,1750,134,280,157,177,192,389,438,140,452,122,812,487,699,893,747,159,139,289,166,206,548,256,213,583,1340,887,948,271,207,298,224,241,815,774,319,352,94.6,447,94.6,206.75,351,474.468181818182,711,1750
"Jun-24",335,754,434,1460,493,1640,118,296,141,177,181,400,417,127,401,113,742,478,649,939,670,154,131,290,163,219,451,244,202,540,1260,909,1300,274,199,308,217,252,760,701,293,344,92.6,465,92.6,201.25,339.5,471.218181818182,654.25,1640
"Jun-25",324,692,402,1360,493,1640,123,311,123,172,167,371,412,148,362,106,805,516,596,1160,614,150,122,279,160,214,401,244,186,513,1240,939,1320,281,213,320,206,243,712,658,273,365,93.6,440,93.6,201,343,465.218181818182,600.5,1640
"Jun-26",321,680,411,1220,475,1700,126,306,117,183,160,362,369,151,350,104,935,493,565,1370,550,144,116,274,144,204,395,248,172,492,1150,1060,1160,273,262,346,200,217,676,635,267,339,101,409,101,195.75,342.5,459.818181818182,553.75,1700
"Jun-27",324,642,466,1100,590,1680,110,288,117,199,161,351,388,143,359,102,1190,477,570,1190,513,139,113,265,132,201,401,254,168,476,980,1030,1040,236,252,392,194,203,733,586,247,328,98.2,398,98.2,197.75,339.5,450.595454545455,574,1680
"Jun-28",310,580,457,997,520,1780,102,260,112,185,185,341,411,151,366,94,1330,451,546,1060,474,134,129,247,128,218,402,242,164,465,831,980,1020,211,232,418,184,201,727,550,240,316,102,NA,94,185,316,438.441860465116,533,1780
"Jun-29",290,555,407,766,461,1930,89,250,117,163,185,317,429,244,335,93,1100,424,568,986,432,132,117,232,122,212,384,237,167,470,766,947,1090,201,218,383,182,197,661,557,233,340,105,NA,89,191,317,420.790697674419,512.5,1930
"Jun-30",274,585,394,679,475,2010,81,245,118,138,187,296,471,241,302,85,986,409,574,977,420,124,112,208,123,236,321,242,175,487,702,1060,992,203,243,354,188,210,592,519,233,320,96.2,NA,81,195.5,296,411.33023255814,503,2010
"Jul-01",250,580,385,651,452,1750,80,235,118,118,179,287,447,275,281,82,917,416,617,1070,417,121,106,176,122,227,302,228,170,459,668,1070,954,202,221,329,184,221,562,479,231,294,97.1,NA,80,181.5,281,396.048837209302,469,1750
"Jul-02",242,565,372,618,590,1570,74,230,129,110,164,291,429,246,284,84,952,442,562,1100,416,120,100,161,117,212,299,220,155,417,600,925,903,198,207,330,163,200,545,455,231,261,105,NA,74,163.5,261,381.255813953488,500,1570
"Jul-03",225,737,343,634,506,1470,60,230,133,99,152,267,417,236,350,80,1150,476,534,1080,393,120,96,151,111,196,280,220,146,390,558,819,904,200,199,339,154,183,538,435,226,240,101,NA,60,153,240,376.232558139535,491,1470
"Jul-04",209,680,335,602,457,1340,62,235,141,96,151,230,413,246,329,79,1090,489,508,1100,366,126,91,148,106,198,258,220,137,386,536,681,922,196,195,338,141,178,518,402,225,238,96.7,NA,62,149.5,238,360.341860465116,473,1340
"Jul-05",201,611,319,544,434,1280,63,220,138,93,146,209,406,245,299,81,952,466,522,1050,340,127,92,141,103,178,249,229,133,381,514,610,917,183,186,337,137,172,495,363,226,242,105,NA,63,143.5,242,342.767441860465,450,1280
"Jul-06",196,560,323,490,452,1220,62,210,124,80,135,196,352,226,276,94,908,410,526,981,330,125,94,135,102,163,242,241,126,352,515,558,897,175,178,319,143,160,481,336,224,238,98.4,NA,62,139,238,326.823255813953,431,1220
"Jul-07",201,517,331,438,457,1280,62,205,110,74,123,182,314,202,265,85,951,366,510,913,335,112,89,136,99.1,158,229,238,128,321,487,509,880,171,168,295,144,150,453,327,224,230,91.2,NA,62,140,229,315.355813953488,402,1280
"Jul-08",196,507,307,443,461,1230,63,210,122,66,118,175,288,178,253,80,965,344,486,992,342,105,90,133,102,152,228,220,132,298,453,478,829,166,159,271,137,146,436,312,224,226,89.7,NA,63,135,224,307.272093023256,390,1230
"Jul-09",186,494,263,447,470,1080,66,210,127,63,123,168,276,168,237,72,1080,324,468,961,310,114,93,120,100,139,231,215,122,285,436,464,802,162,150,262,145,141,422,294,216,209,97.9,NA,63,133,215,297.974418604651,373,1080
"Jul-10",174,444,229,438,820,960,73,195,126,57,114,163,260,161,238,67,1340,316,484,934,281,108,99,110,100,132,230,208,116,268,424,475,718,157,139,257,154,149,392,284,208,196,106,NA,57,129,208,300.093023255814,354,1340
"Jul-11",169,435,229,429,724,874,69,190,172,58,105,145,225,168,238,65,1210,301,455,990,273,108,101,104,95,124,220,196,109,249,401,506,682,149,136,238,153,160,362,267,206,182,101,NA,58,130,196,287.744186046512,331.5,1210
"Jul-12",164,426,233,420,600,817,87,180,173,53,107,141,203,179,229,77,1010,289,414,904,267,106,113,103,95,114,210,191,106,232,395,496,680,147,127,216,162,149,340,240,200,177,101,NA,53,120.5,191,271.46511627907,314.5,1010
"Jul-13",164,418,233,420,560,762,92,170,149,55,123,143,195,168,219,99,918,278,372,791,262,117,112,97.2,95,106,200,200,108,222,421,480,723,144,128,202,153,150,323,234,192,170,94.3,NA,55,125.5,192,261.918604651163,300.5,918
"Jul-14",162,401,220,434,545,664,93,170,133,61,117,140,206,150,214,88,799,266,359,696,271,124,111,96.5,95,103,171,183,109,214,386,430,706,151,129,201,153,136,311,224,186,150,93.5,NA,61,126.5,171,247.720930232558,291,799
"Jul-15",156,385,209,429,535,603,89,165,114,63,121,143,214,144,203,76,727,249,349,624,267,134,118,100,95,104,159,168,117,205,363,400,652,156,125,196,162,129,304,224,172,143,86.5,NA,63,123,165,236.686046511628,285.5,727
"Jul-16",143,357,185,411,470,561,89,160,110,55,137,144,195,142,196,69,681,243,328,584,258,127,125,97.4,95,104,147,152,109,194,337,379,622,160,121,183,159,141,305,201,167,142,82.4,NA,55,126,160,224.832558139535,281.5,681
"Jul-17",141,353,183,376,422,493,82,155,167,45,138,147,175,128,215,66,659,256,325,516,252,119,124,92.2,90,95.2,140,138,108,183,302,366,588,143,125,178,148,137,293,198,161,128,82,NA,45,126.5,155,214.706976744186,274.5,659
"Jul-18",143,346,171,360,396,456,80,155,374,48,125,142,166,122,226,71,620,254,329,485,235,127,118,89.4,90,92.6,136,131,121,174,286,354,562,133,122,171,151,144,282,184,149,126,85.8,NA,48,123.5,151,212.390697674419,284,620
"Jul-19",143,335,171,355,365,435,80,150,355,42,118,138,157,117,212,81,595,245,359,470,227,130,103,94.4,92,89.9,132,125,108,168,274,338,537,128,122,159,158,130,271,171,141,116,90.4,NA,42,117.5,150,205.295348837209,272.5,595
"Jul-20",162,321,167,360,357,445,70,150,298,43,105,144,146,120,207,82,602,224,351,434,224,116,97,97.7,91,95.6,120,125,102,164,268,317,509,126,123,158,146,122,242,164,139,116,98.9,NA,43,116,146,198.818604651163,255,602
"Jul-21",158,317,165,343,338,466,65,150,279,44,101,146,141,134,208,91,610,209,331,402,218,108,103,88.2,92,91.9,120,129,96.8,157,253,293,489,122,116,149,135,122,222,157,133,120,98.6,NA,44,112,146,193.290697674419,237.5,610
"Jul-22",172,303,163,327,317,538,73,148,260,51,106,147,135,128,210,100,616,202,312,378,213,99,104,87.1,94,89.6,117,129,97.9,167,229,276,463,118,110,149,138,116,206,153,129,114,92.2,NA,51,108,147,190.158139534884,221,616
"Jul-23",214,300,158,311,310,456,79,147,241,47,95,144,133,118,213,81,544,181,304,378,203,93,100,105,92,86.9,113,131,98.7,180,214,250,438,116,109,149,157,111,199,156,143,116,88,NA,47,107,147,183.781395348837,214,544
"Jul-24",184,300,156,307,293,440,73,151,205,51,86,177,133,115,244,82,491,170,302,364,193,90,96,102,101,82.5,122,133,110,161,203,242,408,112,116,156,157,105,192,149,147,129,84.3,NA,51,107.5,151,179.413953488372,204,491
"Jul-25",174,296,156,327,287,400,64,156,178,48,76,199,135,121,256,80,445,164,285,333,194,103,92,98.8,101,81.7,131,134,119,149,206,241,391,112,119,148,152,108,205,142,152,120,79.6,NA,48,110,149,175.793023255814,205.5,445
"Jul-26",176,287,156,323,274,388,61,164,161,56,76,199,145,110,294,82,419,160,289,310,192,112,84,98.2,98,85.9,132,130,109,138,210,252,388,115,127,139,152,115,206,134,166,115,78.2,NA,56,111,145,174.56511627907,208,419
"Jul-27",167,284,158,303,274,451,57,164,140,64,87,185,137,103,317,81,396,150,281,304,181,110,80,96.1,91,90.3,121,120,105,136,223,258,371,112,133,135,181,112,212,128,165,112,75.4,NA,57,107.5,137,173.274418604651,217.5,451
"Jul-28",184,271,178,296,280,561,56,172,134,64,87,181,125,100,275,77,378,144,270,369,171,109,72,95.9,77,105,117,120,99.2,147,227,258,347,110,129,137,209,102,223,126,161,113,77.3,NA,56,103.5,137,175.218604651163,225,561
"Jul-29",179,274,183,311,259,550,64,167,142,54,87,174,119,91,251,75,356,139,280,379,172,105,68,97.2,86,102,109,119,102,149,221,265,330,108,124,145,175,103,209,123,149,114,80.4,NA,54,102.5,142,171.851162790698,215,550
"Jul-30",172,284,165,303,247,516,73,146,134,47,82,161,112,80,247,83,396,135,273,346,167,106,68,97.1,84,99.1,108,115,104,153,222,256,319,105,118,145,163,99,201,120,153,109,74.7,NA,47,101.55,135,167.160465116279,211.5,516
"Jul-31",172,274,150,331,233,499,97,140,116,52,75,141,107,71,218,87,349,125,246,368,169,104,79,95.3,78,91.3,102,109,103,150,203,266,315,95.7,115,137,156,97.2,188,116,148,99.8,79.4,NA,52,97.1,125,161.574418604651,195.5,499
"Aug-01",169,271,144,311,228,521,87,138,100,56,76,127,107,68,199,86,316,120,247,369,167,104,77,105,85,90,102,111,101,142,187,277,318,97,110,147,145,94,177,114,143,99.1,91.2,NA,56,98.05,120,158.681395348837,182,521
"Aug-02",149,250,146,296,209,555,105,141,94,49,75,120,102,67,192,75,290,114,252,356,163,108,68,116,99,92.4,95.9,108,96.8,134,178,262,321,99,106,146,135,95,173,108,141,96.8,106,NA,49,97.9,116,155.462790697674,175.5,555
"Aug-03",135,228,142,259,199,597,115,134,92,50,74,109,93,73,181,68,256,111,236,340,156,114,72,126,103,97.5,94.1,104,94,135,168,251,303,97.1,102,140,131,102,161,97,143,92.8,91.8,NA,50,95.55,115,150.402325581395,164.5,597
"Aug-04",133,214,127,239,204,579,112,127,87,45,69,104,92,95,167,64,230,111,244,332,156,118,83,131,115,90.4,95.1,116,93.2,130,167,247,290,99.1,101,135,122,98.2,145,105,132,91.7,80.2,NA,45,95.05,118,146.881395348837,161.5,579
"Aug-05",111,194,119,233,201,555,113,123,84,36,71,96,93,114,170,68,223,111,312,328,162,117,84,114,88,89.3,102,124,89.4,121,168,242,315,101,101,129,124,96.4,144,117,126,101,75.3,NA,36,96.2,117,146.172093023256,165,555
"Aug-06",103,196,106,220,188,527,97,129,81,36,58,96,105,108,161,67,210,106,348,301,159,105,78,104,89,83.1,109,124,92.5,111,171,238,300,97.4,100,125,134,99.1,136,116,125,96,83.2,NA,36,96.5,108,142.286046511628,160,527
"Aug-07",103,184,96,203,181,483,70,125,83,45,50,72,97,106,153,65,194,99,288,283,155,108,78,115,80,82.8,110,129,95.1,135,231,227,278,101,109,124,116,105,126,114,117,91.8,92.7,NA,45,93.9,110,137.218604651163,154,483
"Aug-08",105,164,62,211,193,451,69,118,83,46,42,62,86,96,182,65,182,94,275,273,142,110,88,111,87.5,84,108,118,88.6,137,220,216,264,114,104,125,134,103,123,109,109,86.4,76.2,NA,42,86.95,109,132.946511627907,153,451
"Aug-09",108,162,62,270,222,425,67,109,79,45,51,61,83,89,174,65,173,90,260,256,144,106,99,107,93.9,82.7,100,101,87.1,133,213,221,253,120,107,131,148,99.5,123,104,109,84.1,76.7,NA,45,85.6,107,132.418604651163,155,425
"Aug-10",99,169,65,236,225,395,74,110,78,40,51,66,81,87,165,64,163,92,261,259,153,105,96,97.6,89.4,87,99,105,87.6,127,206,228,239,117,112,120,135,98.2,121,102,110,79.3,78.8,NA,40,87,105,129.602325581395,158,395
"Aug-11",96,169,72,223,236,380,88,104,76,40,52,62,74,86,149,74,154,94,261,249,161,105,89,91.1,87,80.5,93.2,106,87,119,192,241,229,114,106,117,125,100,118,99.3,110,82.4,76.1,NA,40,86.5,104,127.153488372093,151.5,380
"Aug-12",96,167,84,223,250,352,98,79,74,38,59,53,73,83,146,78,142,90,257,236,166,117,90,87.8,88.6,86.7,88,112,86.8,118,180,230,215,106,102,114,115,98.5,118,96.6,110,85.5,77.6,NA,38,86.1,98.5,124.816279069767,144,352
"Aug-13",111,164,85,200,228,320,98,78,80,45,77,52,72,78,173,80,142,88,243,226,176,114,91,89.4,84.7,102,87.3,112,81.3,127,171,231,193,103,99.6,119,113,93.6,116,96.6,105,83.5,81.7,NA,45,84.1,102,123.504651162791,153,320
"Aug-14",137,160,85,174,217,309,92,70,85,42,69,50,69,78,160,68,142,90,226,211,178,113,96,86.2,80,106,90.8,108,81.8,134,180,228,178,99.6,92.6,116,120,93.7,124,96.2,103,84.2,79.7,NA,42,84.6,99.6,120.995348837209,151,309
"Aug-15",130,153,91,161,212,296,91,64,97,46,66,47,66,79,160,68,135,92,216,186,171,113,97,90.2,80,101,92,108,84.9,125,175,205,173,100,81.4,114,117,97.7,119,94.9,101,88.2,76.3,NA,46,86.55,100,117.688372093023,144,296
"Aug-16",133,156,97,167,199,290,95,64,103,47,60,48,67,79,169,71,131,87,226,180,166,112,93,90.1,79,101,89.9,112,82.3,115,175,192,173,104,77.7,110,118,93.8,115,96.7,98.6,84.3,76.4,NA,47,83.3,101,116.832558139535,144.5,290
"Aug-17",143,158,98,169,178,271,96,74,101,49,62,59,69,71,174,65,133,83,218,178,161,114,90,85,78,105,91.3,103,86.1,108,169,181,174,98.8,74.3,106,116,93,115,101,96.8,93.7,75.8,NA,49,84,101,115.460465116279,150.5,271
"Aug-18",135,172,100,169,162,259,83,76,97,54,60,88,68,70,160,58,137,77,205,171,158,113,86,81.6,76,125,97.2,105,91,111,165,163,172,95.6,77.7,104,112,95.2,114,99.6,97,86.1,77.9,NA,54,82.3,99.6,114.044186046512,147.5,259
"Aug-19",139,181,96,180,169,265,92,66,97,59,56,132,80,70,145,55,148,80,184,167,153,111,87,84.3,73.7,98.5,97.6,106,87.3,105,157,156,163,97.9,96.7,105,109,100,114,96.8,97.4,76.5,85.5,NA,55,86.25,98.5,114.4,146.5,265
"Aug-20",149,164,109,167,188,262,87,73,93,58,60,132,93,72,146,56,148,80,171,167,144,107,95,84.1,74.2,93,96.3,102,85.7,103,147,152,160,99.8,105,108,106,106,117,99.3,98.4,80.6,85.7,NA,56,86.35,103,114.513953488372,146.5,262
"Aug-21",156,149,119,154,233,253,75,94,91,48,73,131,92,71,211,62,150,81,179,166,143,108,96,88,91.1,91.8,96.4,102,95.9,108,143,146,162,97.9,104,108,103,103,120,108,107,74.5,85.3,NA,48,91.45,104,117.904651162791,144.5,253
"Aug-22",151,156,109,142,247,234,58,130,93,48,94,119,94,69,250,62,149,84,180,171,137,112,101,86,93,99.2,94.5,101,91.6,103,140,144,162,101,108,101,105,102,122,102,110,69,81.3,NA,48,93.5,103,118.73488372093,141,250
"Aug-23",151,160,109,140,239,242,53,132,93,64,98,114,94,71,228,66,163,81,175,167,140,116,105,87.1,100,104,94.7,98.3,89.2,104,143,141,150,99,113,116,106,103,122,98.1,117,69.8,67.3,NA,53,94.35,106,119.151162790698,140.5,242
"Aug-24",174,153,103,138,219,253,49,130,105,87,117,120,90,75,223,71,164,81,156,164,148,120,97,86.3,90,104,98.1,96.5,87.3,99.1,155,137,145,96.6,108,131,104,104,122,96.1,108,74.4,73.8,NA,49,93.05,105,119.841860465116,141.5,253
"Aug-25",179,151,96,140,212,262,49,128,121,86,108,140,85,82,218,80,168,83,157,161,147,118,96,83.3,79,110,106,103,85.7,97.8,140,132,144,96.9,103,143,98.4,105,122,93.7,101,77.7,79.6,NA,49,89.85,106,120.188372093023,141.5,262
"Aug-26",181,160,93,137,225,271,48,132,116,88,88,142,79,87,222,80,169,84,153,154,141,112,98,84.4,76.7,116,110,116,93,96.4,131,130,146,98.3,93.8,141,97.1,105,118,94.6,99,79.7,80.4,NA,48,90.5,110,120.148837209302,141,271
"Aug-27",184,162,94,146,233,250,48,118,110,88,91,139,85,90,218,90,166,82,144,151,138,108,96,86.4,79.3,106,108,104,99.7,97.3,127,128,145,99.6,97.8,131,96.4,104,116,103,98.5,78.3,79.8,NA,48,92.5,104,118.979069767442,138.5,250
"Aug-28",194,160,98,138,219,239,49,115,110,84,100,132,85,88,214,97,162,84,136,146,142,104,98,86.2,80,102,109,103,95.4,93.2,125,129,147,92.9,102,126,97.8,102,117,107,96.9,76.2,77.3,NA,49,94.3,103,117.648837209302,134,239
"Aug-29",189,164,96,137,206,236,46,131,114,90,94,144,73,85,206,97,151,84,130,152,154,102,101,87.5,81,99.9,104,97.9,95,93.3,127,138,147,91,93.6,122,98.4,99.2,117,101,94.5,72.3,77.2,NA,46,93.45,101,116.716279069767,137.5,236
"Aug-30",181,162,94,150,212,225,47,145,113,95,90,140,74,85,192,94,144,87,128,152,150,99,100,84.7,85,89.7,98.6,102,94.4,91.3,130,143,140,93,88.7,127,99.2,94.5,119,95.4,96,69.9,77.3,NA,47,90.65,99,115.760465116279,141.5,225
"Aug-31",176,156,97,148,186,256,46,173,102,89,88,137,74,84,175,94,146,88,130,146,150,100,97,81.6,90,78,107,104,99.2,90.8,138,142,138,95.7,86.6,141,98.2,92.8,125,97.3,97.7,75.3,75.8,NA,46,89.5,99.2,116.093023255814,141.5,256
"Sep-01",174,147,100,152,173,268,45,197,94,91,84,136,77,80,166,90,147,88,131,144,162,109,101,81,90,75.9,111,103,101,108,146,144,135,99.9,92,134,96.2,91.2,128,97.7,95.9,80.6,78.3,NA,45,90.5,101,117.318604651163,144,268
"Sep-02",160,162,97,148,173,262,50,213,95,89,73,137,82,73,156,88,140,91,136,142,168,121,100,79.9,90,96.8,108,102,96.7,93.8,133,140,139,103,98.5,129,103,95.9,127,98.5,97.8,77.1,83.4,NA,50,92.4,102,117.404651162791,139.5,262
"Sep-03",145,186,94,150,164,253,56,212,98,75,70,130,85,70,153,88,140,91,142,144,167,110,95,86.9,85,114,101,101,93,92.5,125,142,142,103,103,129,116,100,124,99.3,109,73.5,84,NA,56,91.75,103,117.237209302326,142,253
"Sep-04",141,184,96,142,158,245,63,210,98,60,75,122,82,71,156,87,154,90,144,147,170,104,90,87.2,85,113,100,99.3,89.6,96.1,119,141,145,103,103,129,115,98.9,124,98.1,106,73,83.2,NA,60,89.8,103,116.218604651163,141.5,245
"Sep-05",137,189,100,144,158,228,60,219,94,67,70,114,82,73,152,88,157,88,140,142,169,88,110,87.1,90,110,102,98,95.9,94.1,122,143,141,99.7,93.3,135,106,115,125,97.4,98.9,73.4,79.8,NA,60,89,102,115.711627906977,140.5,228
"Sep-06",133,184,97,146,160,253,60,213,95,72,61,114,76,75,147,90,151,92,147,146,163,84,90,92.6,85,112,100,96.4,145,97.2,124,147,140,97.7,95.5,129,95.6,94.9,130,102,110,72.5,76.7,NA,60,91,100,116.095348837209,145.5,253
"Sep-07",122,186,97,144,164,248,66,207,93,73,57,111,80,76,134,86,153,94,148,151,164,84,92,102,90,110,96.8,95.8,100,97.2,121,153,141,98.1,89.1,125,95,85.9,129,102,114,75.1,76.9,NA,57,89.55,100,114.579069767442,137.5,248
"Sep-08",111,220,99,138,158,245,86,220,89,71,59,111,83,65,137,86,155,94,149,159,172,82,87,94.6,85,105,96,100,96.8,97.8,123,155,142,95.8,86.3,119,96.7,86.9,120,100,104,83.4,76.8,NA,59,86.6,99,114.886046511628,137.5,245
"Sep-09",108,217,100,140,156,248,139,247,88,83,60,105,81,52,132,82,163,91,149,180,172,81,85,84.9,85,99.8,94,111,103,99.1,124,208,139,94,85.5,117,98.5,86.7,121,100,110,83.8,75.5,NA,52,85.25,100,118.111627906977,139,248
"Sep-10",96,220,97,138,147,245,165,243,90,86,62,99,84,49,126,81,161,88,153,194,169,85,85,83.9,80,91.6,98.3,102,107,99.3,122,227,136,91.3,90.1,106,100,86.8,126,102,104,78.2,76.7,NA,49,86.4,99.3,117.93488372093,137,245
"Sep-11",97,310,95,138,145,245,170,250,89,95,63,93,81,50,125,84,167,90,218,220,165,90,81,77.8,85,92,103,94.8,103,101,123,206,135,87.9,88.4,107,101,85.3,120,102,107,76.2,78.1,NA,50,88.15,101,121.732558139535,136.5,310
"Sep-12",96,324,94,140,147,231,223,252,89,100,63,91,81,52,127,88,157,94,236,219,163,83,79,72.5,85,105,99.9,85.1,101,103,127,199,134,91.4,86.2,109,109,91.2,114,103,113,77,78.9,NA,52,87.1,101,123.562790697674,137,324
"Sep-13",99,310,96,148,147,217,225,257,90,82,66,88,84,56,129,91,154,93,221,213,168,79,81,71.3,80,130,95.5,87.3,101,100,131,201,137,98,88.7,109,107,99.8,112,107,110,79,79.3,NA,56,87.65,100,123.672093023256,142,310
"Sep-14",96,321,99,152,151,212,208,256,87,44,70,86,96,59,132,90,155,92,219,214,170,81,92,71.1,80,113,99,92.7,103,98.3,131,201,141,99.5,92.8,109,107,103,117,98.8,107,79.9,79.5,NA,44,91,99.5,123.386046511628,146,321
"Sep-15",100,300,97,161,147,220,219,277,89,52,75,82,106,61,133,87,148,98,221,221,170,71,98,72,80,102,98.5,107,105,95.3,130,206,153,108,97.1,110,114,108,154,97.9,107,81.2,75.2,NA,52,92.15,106,126.376744186047,150.5,300
"Sep-16",102,277,96,163,147,220,210,289,92,60,80,77,107,59,129,85,140,111,215,227,171,70,95,71.7,73.9,90.8,94.8,120,104,89.7,130,199,167,111,95.4,108,130,114,193,101,112,82.1,73.7,NA,59,90.25,108,127.513953488372,155,289
"Sep-17",102,268,95,158,145,215,215,285,95,65,81,82,112,57,129,85,155,127,204,229,161,70,96,75.1,78,88.4,90,107,107,90,132,198,174,108,91.5,106,126,119,193,99.9,123,78.8,79.8,NA,57,89.2,107,127.802325581395,156.5,285
"Sep-18",106,268,93,154,145,217,245,285,105,75,91,81,120,56,135,92,169,132,213,233,160,78,100,73.1,80.4,93.8,96,101,112,89.2,132,200,173,107,103,109,135,118,195,100,130,80.5,77.4,NA,56,92.5,109,131.590697674419,157,285
"Sep-19",106,287,94,152,149,236,246,295,109,78,83,79,119,60,139,86,163,141,213,236,162,80,103,67.9,77.4,133,96.8,98.4,115,88.2,130,202,177,107,102,111,135,106,233,106,130,89.4,78.9,NA,60,91.7,111,134.883720930233,157,295
"Sep-20",106,280,96,183,160,250,237,316,105,83,82,78,121,67,142,83,166,150,218,248,165,86,99,64.9,74.7,131,92.8,113,116,90.9,130,199,178,102,99,109,140,105,229,111,121,101,86,NA,64.9,94.4,113,137.541860465116,165.5,316
"Sep-21",106,303,103,183,170,293,235,307,103,86,81,84,123,71,136,80,179,147,217,259,165,81,93,62,70.3,122,81.3,116,118,108,136,194,177,107,100,108,143,108,225,115,113,101,88.6,NA,62,96.5,115,139.493023255814,173.5,307
"Sep-22",103,300,112,190,175,290,229,297,103,81,76,91,127,67,135,79,191,148,217,262,166,84,88,60.1,69.9,117,82.6,113,121,112,145,196,179,106,99.4,113,145,128,242,119,112,94.5,85.4,NA,60.1,92.75,117,140.718604651163,177,300
"Sep-23",108,303,119,206,175,283,225,304,102,71,84,95,131,69,136,75,210,154,204,264,168,106,91,59.7,69.1,116,88.9,123,138,116,145,197,180,107,101,116,149,141,246,123,112,97.7,83.3,NA,59.7,99.35,123,143.993023255814,177.5,304
"Sep-24",117,300,127,203,175,296,224,303,108,54,95,98,129,75,139,69,215,162,196,261,170,116,95,64.8,68,120,112,121,142,115,142,194,175,112,104,113,143,133,235,130,112,94.9,84.5,NA,54,106,127,145.167441860465,175,303
"Sep-25",122,296,158,211,170,306,220,307,110,60,97,90,134,85,142,71,218,161,196,259,171,120,100,69.3,64.8,122,135,120,137,113,136,198,169,110,114,112,138,123,231,136,114,97.3,82.9,NA,60,110,134,147.123255813953,170.5,307
"Sep-26",128,303,169,239,170,316,227,323,112,71,97,87,136,87,145,74,213,156,199,278,176,116,100,70.2,66,127,126,122,136,114,134,190,173,108,113,117,137,123,243,142,121,108,81.3,NA,66,110,128,150.546511627907,174.5,323
"Sep-27",124,303,180,296,170,334,225,331,112,93,103,89,129,86,150,69,215,152,202,277,190,109,100,72,65.6,129,125,122,133,114,134,187,174,100,112,144,140,116,245,144,127,110,81.8,NA,65.6,109.5,129,153.823255813953,183.5,334
"Sep-28",122,303,185,315,200,366,230,342,113,95,104,91,121,83,147,69,212,151,201,296,208,107,99,81.5,65.3,129,124,125,132,115,139,187,174,98,118,167,146,112,239,143,127,108,85.6,NA,65.3,107.5,129,157.567441860465,193.5,366
"Sep-29",122,300,178,416,240,371,240,347,112,96,110,97,131,83,147,71,224,157,206,304,206,109,100,87.1,65.6,128,121,127,144,121,141,190,173,101,119,178,150,113,249,145,140,96.8,93.5,NA,65.6,109.5,140,163.953488372093,198,416
"Sep-30",120,290,178,466,275,361,243,358,128,103,124,111,136,86,140,74,238,163,203,293,197,113,100,92.3,65.5,127,123,120,149,118,179,198,175,102,172,200,146,120,256,149,150,92.8,92.2,NA,65.5,115.5,146,170.390697674419,199,466
"Min",96,133,62,137,129,200,45,64,74,36,34,47,66,49,89,55,68,77,128,142,136,70,68,59.7,64.8,60.1,81.3,85.1,81.3,88.2,119,128,134,87.9,74.3,101,95,85.3,112,93.7,94.5,69,67.3,NA,NA,NA,NA,NA,NA,NA
"Q1",200,259,233,233,239,283,166,215,127,103,104,137,175,106,170,91,156,220,240,280,206,124,113,105,100,102,123,150,139,179,200,210,254,187,128,171,154,155,226,206,169,189,98.4,NA,NA,NA,NA,NA,NA,NA
"Median",260,293,263,259,300,325,270,250,246,196,170,190,202,170,196,188,175,279,271,319,284,220,160,160,170,140,170,199,200,199,242,251,276,268,194,237,217,237,271,300,241,241,174,NA,NA,NA,NA,NA,NA,NA
"Mean",249.679452054795,330.67397260274,291.161643835616,300.383561643836,316.709589041096,479.394520547945,246.419178082192,269.104109589041,223.860273972603,178.827397260274,155.147945205479,180.93698630137,219.758904109589,161.641095890411,216.197260273973,167.120547945205,294.013698630137,290.8,339.682191780822,374.539726027397,310.47397260274,198.493150684931,156.194520547945,155.326301369863,167.853698630137,142.558904109589,183.872876712329,208.968493150685,196.22602739726,216.536712328767,304.232876712329,299.767123287671,335.583561643836,253.797808219178,189.847397260274,236.547945205479,226.069863013699,232.983835616438,333.552197802198,317.629589041096,234.77095890411,229.911232876712,162.827397260274,NA,NA,NA,NA,NA,NA,NA
"Q3",287,314,319,311,376,450,320,279,288,239,194,208,224,210,224,230,242,332,353,391,352,254,190,187,208,180,200,224,234,234,294,278,324,310,243,262,262,272,346,346,277,277,207,NA,NA,NA,NA,NA,NA,NA
"Max",616,904,1010,1460,820,2100,469,1400,468,357,381,432,1010,276,545,262,1530,1070,1370,1370,1240,353,268,498,714,300,551,730,462,583,1590,1150,1320,697,352,741,682,832,1350,1040,641,663,444,NA,NA,NA,NA,NA,NA,NA
